term,canonical,category
不良地质,不良地质,不良地质体
中等富水坠落块体,中等富水坠落块体,不良地质体
危岩体,危岩体,不良地质体
古滑坡体,古滑坡体,不良地质体
含水围岩,含水围岩,不良地质体
含泥地层,含泥地层,不良地质体
含砂地层,含砂地层,不良地质体
塌陷区,塌陷区,不良地质体
富水围岩,富水围岩,不良地质体
岩体,岩体,不良地质体
崩塌体,崩塌体,不良地质体
崩塌堆积体,崩塌堆积体,不良地质体
松散围岩,松散围岩,不良地质体
沉降区,沉降区,不良地质体
沉陷区,沉陷区,不良地质体
泥石流堆积体,泥石流堆积体,不良地质体
流砂层,流砂层,不良地质体
滑坡体,滑坡体,不良地质体
滑坡堆积体,滑坡堆积体,不良地质体
盐岩地层,盐岩地层,不良地质体
石膏地层,石膏地层,不良地质体
破碎围岩,破碎围岩,不良地质体
软弱围岩,软弱围岩,不良地质体
采空区,采空区,不良地质体
采空塌陷区,采空塌陷区,不良地质体
中低风险返水带砂,中低风险返水带砂,土与第四纪堆积
中砂,中砂,土与第四纪堆积
中等完整返水带砂,中等完整返水带砂,土与第四纪堆积
中粗砂,中粗砂,土与第四纪堆积
冰碛层,冰碛层,土与第四纪堆积
冲洪积,冲洪积层,土与第四纪堆积
冲洪积层,冲洪积层,土与第四纪堆积
冲积层,冲积层,土与第四纪堆积
冻土,冻土,土与第四纪堆积
卵石,卵石,土与第四纪堆积
卵石层,卵石层,土与第四纪堆积
卵砾石层,卵砾石层,土与第四纪堆积
含冰冻土,含冰冻土,土与第四纪堆积
回填土,回填土,土与第四纪堆积
块石,块石,土与第四纪堆积
块石层,块石层,土与第四纪堆积
坡积土,坡积土,土与第四纪堆积
坡积层,坡积土,土与第四纪堆积
填土,填土,土与第四纪堆积
多年冻土,多年冻土,土与第四纪堆积
季节冻土,季节冻土,土与第四纪堆积
崩坡积,崩坡积体,土与第四纪堆积
崩坡积体,崩坡积体,土与第四纪堆积
杂填土,杂填土,土与第四纪堆积
残积土,残积土,土与第四纪堆积
残积层,残积土,土与第四纪堆积
河流相沉积,河流相沉积,土与第四纪堆积
洪积层,洪积层,土与第四纪堆积
海相沉积,海相沉积,土与第四纪堆积
淤泥,淤泥,土与第四纪堆积
淤泥质土,淤泥质土,土与第四纪堆积
淤泥质粉质黏土,淤泥质粉质黏土,土与第四纪堆积
淤泥质黏土,淤泥质黏土,土与第四纪堆积
湖相沉积,湖相沉积,土与第四纪堆积
湿陷性黄土,湿陷性黄土,土与第四纪堆积
漂石,漂石,土与第四纪堆积
漂石层,漂石层,土与第四纪堆积
燧石,燧石,土与第四纪堆积
砂卵石层,砂卵石层,土与第四纪堆积
砂砾,砂砾,土与第四纪堆积
砂砾层,砂砾层,土与第四纪堆积
砂质粉土,砂质粉土,土与第四纪堆积
砂质黏土,砂质黏土,土与第四纪堆积
砾石,砾石,土与第四纪堆积
砾石层,砾石层,土与第四纪堆积
砾砂,砾砂,土与第四纪堆积
砾质黏土,砾质黏土,土与第四纪堆积
硅藻土,硅藻土,土与第四纪堆积
粉土,粉土,土与第四纪堆积
粉砂质粉土,粉砂质粉土,土与第四纪堆积
粉砂质黏土,粉砂质黏土,土与第四纪堆积
粉细砂,粉细砂,土与第四纪堆积
粉质黏土,粉质黏土,土与第四纪堆积
粗砂,粗砂,土与第四纪堆积
素填土,素填土,土与第四纪堆积
红黏土,红黏土,土与第四纪堆积
细砂,细砂,土与第四纪堆积
风积层,风积层,土与第四纪堆积
黄土,黄土,土与第四纪堆积
黏土,黏土,土与第四纪堆积
三叠侏罗系,三叠侏罗系,地层时代
三叠系,三叠系,地层时代
上三叠统,上三叠统,地层时代
上二叠统,上二叠统,地层时代
上侏罗统,上侏罗统,地层时代
上奥陶统,上奥陶统,地层时代
上白垩统,上白垩统,地层时代
下三叠统,下三叠统,地层时代
下二叠统,下二叠统,地层时代
下侏罗统,下侏罗统,地层时代
下奥陶统,下奥陶统,地层时代
下白垩统,下白垩统,地层时代
中三叠统,中三叠统,地层时代
中二叠统,中二叠统,地层时代
中侏罗统,中侏罗统,地层时代
中奥陶统,中奥陶统,地层时代
中生界,中生界,地层时代
二叠系,二叠系,地层时代
侏罗白垩系,侏罗白垩系,地层时代
侏罗系,侏罗系,地层时代
元古界,元古界,地层时代
全新统,全新统,地层时代
前寒武系,前寒武系,地层时代
古生界,古生界,地层时代
古近系,古近系,地层时代
基岩,基岩,地层时代
太古界,太古界,地层时代
奥陶系,奥陶系,地层时代
寒武系,寒武系,地层时代
志留系,志留系,地层时代
新生界,新生界,地层时代
新近系,新近系,地层时代
更新统,更新统,地层时代
泥盆系,泥盆系,地层时代
煤系地层,煤系地层,地层时代
白垩系,白垩系,地层时代
石炭二叠系,石炭二叠系,地层时代
石炭系,石炭系,地层时代
第四系,第四系,地层时代
第四系覆盖层,第四系覆盖层,地层时代
覆盖层,覆盖层,地层时代
Ⅰ级一般硬质岩,Ⅰ级一般硬质岩,岩性
Ⅰ级一般软质岩,Ⅰ级一般软质岩,岩性
Ⅰ级中埋一般硬质岩,Ⅰ级中埋一般硬质岩,岩性
Ⅰ级中埋一般软质岩,Ⅰ级中埋一般软质岩,岩性
Ⅰ级中埋极硬岩,Ⅰ级中埋极硬岩,岩性
Ⅰ级中埋极软岩,Ⅰ级中埋极软岩,岩性
Ⅰ级中埋硬质岩,Ⅰ级中埋硬质岩,岩性
Ⅰ级中埋软质岩,Ⅰ级中埋软质岩,岩性
Ⅰ级中埋较硬岩,Ⅰ级中埋较硬岩,岩性
Ⅰ级中埋较软岩,Ⅰ级中埋较软岩,岩性
Ⅰ级中硬岩,Ⅰ级中硬岩,岩性
Ⅰ级中软岩,Ⅰ级中软岩,岩性
Ⅰ级围岩,Ⅰ级围岩,岩性
Ⅰ级围岩一般硬质岩,Ⅰ级围岩一般硬质岩,岩性
Ⅰ级围岩一般软质岩,Ⅰ级围岩一般软质岩,岩性
Ⅰ级围岩中硬岩,Ⅰ级围岩中硬岩,岩性
Ⅰ级围岩中软岩,Ⅰ级围岩中软岩,岩性
Ⅰ级围岩区段,Ⅰ级围岩区段,岩性
Ⅰ级围岩区间,Ⅰ级围岩区间,岩性
Ⅰ级围岩条件,Ⅰ级围岩条件,岩性
Ⅰ级围岩条件区段,Ⅰ级围岩条件区段,岩性
Ⅰ级围岩条件区间,Ⅰ级围岩条件区间,岩性
Ⅰ级围岩条件段,Ⅰ级围岩条件段,岩性
Ⅰ级围岩条件段落,Ⅰ级围岩条件段落,岩性
Ⅰ级围岩条件部位,Ⅰ级围岩条件部位,岩性
Ⅰ级围岩极硬岩,Ⅰ级围岩极硬岩,岩性
Ⅰ级围岩极软岩,Ⅰ级围岩极软岩,岩性
Ⅰ级围岩段,Ⅰ级围岩段,岩性
Ⅰ级围岩段落,Ⅰ级围岩段落,岩性
Ⅰ级围岩硬质岩,Ⅰ级围岩硬质岩,岩性
Ⅰ级围岩硬软互层,Ⅰ级围岩硬软互层,岩性
Ⅰ级围岩软硬互层,Ⅰ级围岩软硬互层,岩性
Ⅰ级围岩软质岩,Ⅰ级围岩软质岩,岩性
Ⅰ级围岩较硬岩,Ⅰ级围岩较硬岩,岩性
Ⅰ级围岩较软岩,Ⅰ级围岩较软岩,岩性
Ⅰ级围岩部位,Ⅰ级围岩部位,岩性
Ⅰ级极深埋一般硬质岩,Ⅰ级极深埋一般硬质岩,岩性
Ⅰ级极深埋一般软质岩,Ⅰ级极深埋一般软质岩,岩性
Ⅰ级极深埋极硬岩,Ⅰ级极深埋极硬岩,岩性
Ⅰ级极深埋极软岩,Ⅰ级极深埋极软岩,岩性
Ⅰ级极深埋硬质岩,Ⅰ级极深埋硬质岩,岩性
Ⅰ级极深埋软质岩,Ⅰ级极深埋软质岩,岩性
Ⅰ级极深埋较硬岩,Ⅰ级极深埋较硬岩,岩性
Ⅰ级极深埋较软岩,Ⅰ级极深埋较软岩,岩性
Ⅰ级极硬岩,Ⅰ级极硬岩,岩性
Ⅰ级极软岩,Ⅰ级极软岩,岩性
Ⅰ级浅埋一般硬质岩,Ⅰ级浅埋一般硬质岩,岩性
Ⅰ级浅埋一般软质岩,Ⅰ级浅埋一般软质岩,岩性
Ⅰ级浅埋极硬岩,Ⅰ级浅埋极硬岩,岩性
Ⅰ级浅埋极软岩,Ⅰ级浅埋极软岩,岩性
Ⅰ级浅埋硬质岩,Ⅰ级浅埋硬质岩,岩性
Ⅰ级浅埋软质岩,Ⅰ级浅埋软质岩,岩性
Ⅰ级浅埋较硬岩,Ⅰ级浅埋较硬岩,岩性
Ⅰ级浅埋较软岩,Ⅰ级浅埋较软岩,岩性
Ⅰ级深埋一般硬质岩,Ⅰ级深埋一般硬质岩,岩性
Ⅰ级深埋一般软质岩,Ⅰ级深埋一般软质岩,岩性
Ⅰ级深埋极硬岩,Ⅰ级深埋极硬岩,岩性
Ⅰ级深埋极软岩,Ⅰ级深埋极软岩,岩性
Ⅰ级深埋硬质岩,Ⅰ级深埋硬质岩,岩性
Ⅰ级深埋软质岩,Ⅰ级深埋软质岩,岩性
Ⅰ级深埋较硬岩,Ⅰ级深埋较硬岩,岩性
Ⅰ级深埋较软岩,Ⅰ级深埋较软岩,岩性
Ⅰ级硬质岩,Ⅰ级硬质岩,岩性
Ⅰ级硬软互层,Ⅰ级硬软互层,岩性
Ⅰ级级围岩,Ⅰ级级围岩,岩性
Ⅰ级级围岩区段,Ⅰ级级围岩区段,岩性
Ⅰ级级围岩区间,Ⅰ级级围岩区间,岩性
Ⅰ级级围岩段,Ⅰ级级围岩段,岩性
Ⅰ级级围岩段落,Ⅰ级级围岩段落,岩性
Ⅰ级级围岩部位,Ⅰ级级围岩部位,岩性
Ⅰ级软硬互层,Ⅰ级软硬互层,岩性
Ⅰ级软质岩,Ⅰ级软质岩,岩性
Ⅰ级较硬岩,Ⅰ级较硬岩,岩性
Ⅰ级较软岩,Ⅰ级较软岩,岩性
Ⅱ级一般硬质岩,Ⅱ级一般硬质岩,岩性
Ⅱ级一般软质岩,Ⅱ级一般软质岩,岩性
Ⅱ级中埋一般硬质岩,Ⅱ级中埋一般硬质岩,岩性
Ⅱ级中埋一般软质岩,Ⅱ级中埋一般软质岩,岩性
Ⅱ级中埋极硬岩,Ⅱ级中埋极硬岩,岩性
Ⅱ级中埋极软岩,Ⅱ级中埋极软岩,岩性
Ⅱ级中埋硬质岩,Ⅱ级中埋硬质岩,岩性
Ⅱ级中埋软质岩,Ⅱ级中埋软质岩,岩性
Ⅱ级中埋较硬岩,Ⅱ级中埋较硬岩,岩性
Ⅱ级中埋较软岩,Ⅱ级中埋较软岩,岩性
Ⅱ级中硬岩,Ⅱ级中硬岩,岩性
Ⅱ级中软岩,Ⅱ级中软岩,岩性
Ⅱ级围岩,Ⅱ级围岩,岩性
Ⅱ级围岩一般硬质岩,Ⅱ级围岩一般硬质岩,岩性
Ⅱ级围岩一般软质岩,Ⅱ级围岩一般软质岩,岩性
Ⅱ级围岩中硬岩,Ⅱ级围岩中硬岩,岩性
Ⅱ级围岩中软岩,Ⅱ级围岩中软岩,岩性
Ⅱ级围岩区段,Ⅱ级围岩区段,岩性
Ⅱ级围岩区间,Ⅱ级围岩区间,岩性
Ⅱ级围岩条件,Ⅱ级围岩条件,岩性
Ⅱ级围岩条件区段,Ⅱ级围岩条件区段,岩性
Ⅱ级围岩条件区间,Ⅱ级围岩条件区间,岩性
Ⅱ级围岩条件段,Ⅱ级围岩条件段,岩性
Ⅱ级围岩条件段落,Ⅱ级围岩条件段落,岩性
Ⅱ级围岩条件部位,Ⅱ级围岩条件部位,岩性
Ⅱ级围岩极硬岩,Ⅱ级围岩极硬岩,岩性
Ⅱ级围岩极软岩,Ⅱ级围岩极软岩,岩性
Ⅱ级围岩段,Ⅱ级围岩段,岩性
Ⅱ级围岩段落,Ⅱ级围岩段落,岩性
Ⅱ级围岩硬质岩,Ⅱ级围岩硬质岩,岩性
Ⅱ级围岩硬软互层,Ⅱ级围岩硬软互层,岩性
Ⅱ级围岩软硬互层,Ⅱ级围岩软硬互层,岩性
Ⅱ级围岩软质岩,Ⅱ级围岩软质岩,岩性
Ⅱ级围岩较硬岩,Ⅱ级围岩较硬岩,岩性
Ⅱ级围岩较软岩,Ⅱ级围岩较软岩,岩性
Ⅱ级围岩部位,Ⅱ级围岩部位,岩性
Ⅱ级极深埋一般硬质岩,Ⅱ级极深埋一般硬质岩,岩性
Ⅱ级极深埋一般软质岩,Ⅱ级极深埋一般软质岩,岩性
Ⅱ级极深埋极硬岩,Ⅱ级极深埋极硬岩,岩性
Ⅱ级极深埋极软岩,Ⅱ级极深埋极软岩,岩性
Ⅱ级极深埋硬质岩,Ⅱ级极深埋硬质岩,岩性
Ⅱ级极深埋软质岩,Ⅱ级极深埋软质岩,岩性
Ⅱ级极深埋较硬岩,Ⅱ级极深埋较硬岩,岩性
Ⅱ级极深埋较软岩,Ⅱ级极深埋较软岩,岩性
Ⅱ级极硬岩,Ⅱ级极硬岩,岩性
Ⅱ级极软岩,Ⅱ级极软岩,岩性
Ⅱ级浅埋一般硬质岩,Ⅱ级浅埋一般硬质岩,岩性
Ⅱ级浅埋一般软质岩,Ⅱ级浅埋一般软质岩,岩性
Ⅱ级浅埋极硬岩,Ⅱ级浅埋极硬岩,岩性
Ⅱ级浅埋极软岩,Ⅱ级浅埋极软岩,岩性
Ⅱ级浅埋硬质岩,Ⅱ级浅埋硬质岩,岩性
Ⅱ级浅埋软质岩,Ⅱ级浅埋软质岩,岩性
Ⅱ级浅埋较硬岩,Ⅱ级浅埋较硬岩,岩性
Ⅱ级浅埋较软岩,Ⅱ级浅埋较软岩,岩性
Ⅱ级深埋一般硬质岩,Ⅱ级深埋一般硬质岩,岩性
Ⅱ级深埋一般软质岩,Ⅱ级深埋一般软质岩,岩性
Ⅱ级深埋极硬岩,Ⅱ级深埋极硬岩,岩性
Ⅱ级深埋极软岩,Ⅱ级深埋极软岩,岩性
Ⅱ级深埋硬质岩,Ⅱ级深埋硬质岩,岩性
Ⅱ级深埋软质岩,Ⅱ级深埋软质岩,岩性
Ⅱ级深埋较硬岩,Ⅱ级深埋较硬岩,岩性
Ⅱ级深埋较软岩,Ⅱ级深埋较软岩,岩性
Ⅱ级硬质岩,Ⅱ级硬质岩,岩性
Ⅱ级硬软互层,Ⅱ级硬软互层,岩性
Ⅱ级级围岩,Ⅱ级级围岩,岩性
Ⅱ级级围岩区段,Ⅱ级级围岩区段,岩性
Ⅱ级级围岩区间,Ⅱ级级围岩区间,岩性
Ⅱ级级围岩段,Ⅱ级级围岩段,岩性
Ⅱ级级围岩段落,Ⅱ级级围岩段落,岩性
Ⅱ级级围岩部位,Ⅱ级级围岩部位,岩性
Ⅱ级软硬互层,Ⅱ级软硬互层,岩性
Ⅱ级软质岩,Ⅱ级软质岩,岩性
Ⅱ级较硬岩,Ⅱ级较硬岩,岩性
Ⅱ级较软岩,Ⅱ级较软岩,岩性
Ⅲ级一般硬质岩,Ⅲ级一般硬质岩,岩性
Ⅲ级一般软质岩,Ⅲ级一般软质岩,岩性
Ⅲ级中埋一般硬质岩,Ⅲ级中埋一般硬质岩,岩性
Ⅲ级中埋一般软质岩,Ⅲ级中埋一般软质岩,岩性
Ⅲ级中埋极硬岩,Ⅲ级中埋极硬岩,岩性
Ⅲ级中埋极软岩,Ⅲ级中埋极软岩,岩性
Ⅲ级中埋硬质岩,Ⅲ级中埋硬质岩,岩性
Ⅲ级中埋软质岩,Ⅲ级中埋软质岩,岩性
Ⅲ级中埋较硬岩,Ⅲ级中埋较硬岩,岩性
Ⅲ级中埋较软岩,Ⅲ级中埋较软岩,岩性
Ⅲ级中硬岩,Ⅲ级中硬岩,岩性
Ⅲ级中等挤压变形,Ⅲ级中等挤压变形,岩性
Ⅲ级中软岩,Ⅲ级中软岩,岩性
Ⅲ级变形持续发展,Ⅲ级变形持续发展,岩性
Ⅲ级变形趋于稳定,Ⅲ级变形趋于稳定,岩性
Ⅲ级围岩,Ⅲ级围岩,岩性
Ⅲ级围岩一般硬质岩,Ⅲ级围岩一般硬质岩,岩性
Ⅲ级围岩一般软质岩,Ⅲ级围岩一般软质岩,岩性
Ⅲ级围岩中硬岩,Ⅲ级围岩中硬岩,岩性
Ⅲ级围岩中等挤压变形,Ⅲ级围岩中等挤压变形,岩性
Ⅲ级围岩中软岩,Ⅲ级围岩中软岩,岩性
Ⅲ级围岩区段,Ⅲ级围岩区段,岩性
Ⅲ级围岩区间,Ⅲ级围岩区间,岩性
Ⅲ级围岩变形持续发展,Ⅲ级围岩变形持续发展,岩性
Ⅲ级围岩变形趋于稳定,Ⅲ级围岩变形趋于稳定,岩性
Ⅲ级围岩围岩收敛快,Ⅲ级围岩围岩收敛快,岩性
Ⅲ级围岩围岩收敛慢,Ⅲ级围岩围岩收敛慢,岩性
Ⅲ级围岩大变形,Ⅲ级围岩大变形,岩性
Ⅲ级围岩大变形风险,Ⅲ级围岩大变形风险,岩性
Ⅲ级围岩强挤压变形,Ⅲ级围岩强挤压变形,岩性
Ⅲ级围岩挤压变形,Ⅲ级围岩挤压变形,岩性
Ⅲ级围岩收敛快,Ⅲ级围岩收敛快,岩性
Ⅲ级围岩收敛慢,Ⅲ级围岩收敛慢,岩性
Ⅲ级围岩收敛速率中,Ⅲ级围岩收敛速率中,岩性
Ⅲ级围岩收敛速率低,Ⅲ级围岩收敛速率低,岩性
Ⅲ级围岩收敛速率高,Ⅲ级围岩收敛速率高,岩性
Ⅲ级围岩条件,Ⅲ级围岩条件,岩性
Ⅲ级围岩条件区段,Ⅲ级围岩条件区段,岩性
Ⅲ级围岩条件区间,Ⅲ级围岩条件区间,岩性
Ⅲ级围岩条件段,Ⅲ级围岩条件段,岩性
Ⅲ级围岩条件段落,Ⅲ级围岩条件段落,岩性
Ⅲ级围岩条件部位,Ⅲ级围岩条件部位,岩性
Ⅲ级围岩极硬岩,Ⅲ级围岩极硬岩,岩性
Ⅲ级围岩极软岩,Ⅲ级围岩极软岩,岩性
Ⅲ级围岩段,Ⅲ级围岩段,岩性
Ⅲ级围岩段落,Ⅲ级围岩段落,岩性
Ⅲ级围岩硬质岩,Ⅲ级围岩硬质岩,岩性
Ⅲ级围岩硬软互层,Ⅲ级围岩硬软互层,岩性
Ⅲ级围岩蠕变变形,Ⅲ级围岩蠕变变形,岩性
Ⅲ级围岩软硬互层,Ⅲ级围岩软硬互层,岩性
Ⅲ级围岩软质岩,Ⅲ级围岩软质岩,岩性
Ⅲ级围岩轻微挤压变形,Ⅲ级围岩轻微挤压变形,岩性
Ⅲ级围岩较硬岩,Ⅲ级围岩较硬岩,岩性
Ⅲ级围岩较软岩,Ⅲ级围岩较软岩,岩性
Ⅲ级围岩部位,Ⅲ级围岩部位,岩性
Ⅲ级大变形,Ⅲ级大变形,岩性
Ⅲ级大变形风险,Ⅲ级大变形风险,岩性
Ⅲ级强挤压变形,Ⅲ级强挤压变形,岩性
Ⅲ级挤压变形,Ⅲ级挤压变形,岩性
Ⅲ级收敛速率中,Ⅲ级收敛速率中,岩性
Ⅲ级收敛速率低,Ⅲ级收敛速率低,岩性
Ⅲ级收敛速率高,Ⅲ级收敛速率高,岩性
Ⅲ级极深埋一般硬质岩,Ⅲ级极深埋一般硬质岩,岩性
Ⅲ级极深埋一般软质岩,Ⅲ级极深埋一般软质岩,岩性
Ⅲ级极深埋极硬岩,Ⅲ级极深埋极硬岩,岩性
Ⅲ级极深埋极软岩,Ⅲ级极深埋极软岩,岩性
Ⅲ级极深埋硬质岩,Ⅲ级极深埋硬质岩,岩性
Ⅲ级极深埋软质岩,Ⅲ级极深埋软质岩,岩性
Ⅲ级极深埋较硬岩,Ⅲ级极深埋较硬岩,岩性
Ⅲ级极深埋较软岩,Ⅲ级极深埋较软岩,岩性
Ⅲ级极硬岩,Ⅲ级极硬岩,岩性
Ⅲ级极软岩,Ⅲ级极软岩,岩性
Ⅲ级浅埋一般硬质岩,Ⅲ级浅埋一般硬质岩,岩性
Ⅲ级浅埋一般软质岩,Ⅲ级浅埋一般软质岩,岩性
Ⅲ级浅埋极硬岩,Ⅲ级浅埋极硬岩,岩性
Ⅲ级浅埋极软岩,Ⅲ级浅埋极软岩,岩性
Ⅲ级浅埋硬质岩,Ⅲ级浅埋硬质岩,岩性
Ⅲ级浅埋软质岩,Ⅲ级浅埋软质岩,岩性
Ⅲ级浅埋较硬岩,Ⅲ级浅埋较硬岩,岩性
Ⅲ级浅埋较软岩,Ⅲ级浅埋较软岩,岩性
Ⅲ级深埋一般硬质岩,Ⅲ级深埋一般硬质岩,岩性
Ⅲ级深埋一般软质岩,Ⅲ级深埋一般软质岩,岩性
Ⅲ级深埋极硬岩,Ⅲ级深埋极硬岩,岩性
Ⅲ级深埋极软岩,Ⅲ级深埋极软岩,岩性
Ⅲ级深埋硬质岩,Ⅲ级深埋硬质岩,岩性
Ⅲ级深埋软质岩,Ⅲ级深埋软质岩,岩性
Ⅲ级深埋较硬岩,Ⅲ级深埋较硬岩,岩性
Ⅲ级深埋较软岩,Ⅲ级深埋较软岩,岩性
Ⅲ级硬质岩,Ⅲ级硬质岩,岩性
Ⅲ级硬软互层,Ⅲ级硬软互层,岩性
Ⅲ级级围岩,Ⅲ级级围岩,岩性
Ⅲ级级围岩区段,Ⅲ级级围岩区段,岩性
Ⅲ级级围岩区间,Ⅲ级级围岩区间,岩性
Ⅲ级级围岩段,Ⅲ级级围岩段,岩性
Ⅲ级级围岩段落,Ⅲ级级围岩段落,岩性
Ⅲ级级围岩部位,Ⅲ级级围岩部位,岩性
Ⅲ级蠕变变形,Ⅲ级蠕变变形,岩性
Ⅲ级软硬互层,Ⅲ级软硬互层,岩性
Ⅲ级软质岩,Ⅲ级软质岩,岩性
Ⅲ级轻微挤压变形,Ⅲ级轻微挤压变形,岩性
Ⅲ级较硬岩,Ⅲ级较硬岩,岩性
Ⅲ级较软岩,Ⅲ级较软岩,岩性
Ⅳ级一般硬质岩,Ⅳ级一般硬质岩,岩性
Ⅳ级一般软质岩,Ⅳ级一般软质岩,岩性
Ⅳ级中埋一般硬质岩,Ⅳ级中埋一般硬质岩,岩性
Ⅳ级中埋一般软质岩,Ⅳ级中埋一般软质岩,岩性
Ⅳ级中埋极硬岩,Ⅳ级中埋极硬岩,岩性
Ⅳ级中埋极软岩,Ⅳ级中埋极软岩,岩性
Ⅳ级中埋硬质岩,Ⅳ级中埋硬质岩,岩性
Ⅳ级中埋软质岩,Ⅳ级中埋软质岩,岩性
Ⅳ级中埋较硬岩,Ⅳ级中埋较硬岩,岩性
Ⅳ级中埋较软岩,Ⅳ级中埋较软岩,岩性
Ⅳ级中硬岩,Ⅳ级中硬岩,岩性
Ⅳ级中等挤压变形,Ⅳ级中等挤压变形,岩性
Ⅳ级中软岩,Ⅳ级中软岩,岩性
Ⅳ级变形持续发展,Ⅳ级变形持续发展,岩性
Ⅳ级变形趋于稳定,Ⅳ级变形趋于稳定,岩性
Ⅳ级围岩,Ⅳ级围岩,岩性
Ⅳ级围岩一般硬质岩,Ⅳ级围岩一般硬质岩,岩性
Ⅳ级围岩一般软质岩,Ⅳ级围岩一般软质岩,岩性
Ⅳ级围岩中硬岩,Ⅳ级围岩中硬岩,岩性
Ⅳ级围岩中等挤压变形,Ⅳ级围岩中等挤压变形,岩性
Ⅳ级围岩中软岩,Ⅳ级围岩中软岩,岩性
Ⅳ级围岩区段,Ⅳ级围岩区段,岩性
Ⅳ级围岩区间,Ⅳ级围岩区间,岩性
Ⅳ级围岩变形持续发展,Ⅳ级围岩变形持续发展,岩性
Ⅳ级围岩变形趋于稳定,Ⅳ级围岩变形趋于稳定,岩性
Ⅳ级围岩围岩收敛快,Ⅳ级围岩围岩收敛快,岩性
Ⅳ级围岩围岩收敛慢,Ⅳ级围岩围岩收敛慢,岩性
Ⅳ级围岩大变形,Ⅳ级围岩大变形,岩性
Ⅳ级围岩大变形风险,Ⅳ级围岩大变形风险,岩性
Ⅳ级围岩强挤压变形,Ⅳ级围岩强挤压变形,岩性
Ⅳ级围岩挤压变形,Ⅳ级围岩挤压变形,岩性
Ⅳ级围岩收敛快,Ⅳ级围岩收敛快,岩性
Ⅳ级围岩收敛慢,Ⅳ级围岩收敛慢,岩性
Ⅳ级围岩收敛速率中,Ⅳ级围岩收敛速率中,岩性
Ⅳ级围岩收敛速率低,Ⅳ级围岩收敛速率低,岩性
Ⅳ级围岩收敛速率高,Ⅳ级围岩收敛速率高,岩性
Ⅳ级围岩条件,Ⅳ级围岩条件,岩性
Ⅳ级围岩条件区段,Ⅳ级围岩条件区段,岩性
Ⅳ级围岩条件区间,Ⅳ级围岩条件区间,岩性
Ⅳ级围岩条件段,Ⅳ级围岩条件段,岩性
Ⅳ级围岩条件段落,Ⅳ级围岩条件段落,岩性
Ⅳ级围岩条件部位,Ⅳ级围岩条件部位,岩性
Ⅳ级围岩极硬岩,Ⅳ级围岩极硬岩,岩性
Ⅳ级围岩极软岩,Ⅳ级围岩极软岩,岩性
Ⅳ级围岩段,Ⅳ级围岩段,岩性
Ⅳ级围岩段落,Ⅳ级围岩段落,岩性
Ⅳ级围岩硬质岩,Ⅳ级围岩硬质岩,岩性
Ⅳ级围岩硬软互层,Ⅳ级围岩硬软互层,岩性
Ⅳ级围岩蠕变变形,Ⅳ级围岩蠕变变形,岩性
Ⅳ级围岩软硬互层,Ⅳ级围岩软硬互层,岩性
Ⅳ级围岩软质岩,Ⅳ级围岩软质岩,岩性
Ⅳ级围岩轻微挤压变形,Ⅳ级围岩轻微挤压变形,岩性
Ⅳ级围岩较硬岩,Ⅳ级围岩较硬岩,岩性
Ⅳ级围岩较软岩,Ⅳ级围岩较软岩,岩性
Ⅳ级围岩部位,Ⅳ级围岩部位,岩性
Ⅳ级大变形,Ⅳ级大变形,岩性
Ⅳ级大变形风险,Ⅳ级大变形风险,岩性
Ⅳ级强挤压变形,Ⅳ级强挤压变形,岩性
Ⅳ级挤压变形,Ⅳ级挤压变形,岩性
Ⅳ级收敛速率中,Ⅳ级收敛速率中,岩性
Ⅳ级收敛速率低,Ⅳ级收敛速率低,岩性
Ⅳ级收敛速率高,Ⅳ级收敛速率高,岩性
Ⅳ级极深埋一般硬质岩,Ⅳ级极深埋一般硬质岩,岩性
Ⅳ级极深埋一般软质岩,Ⅳ级极深埋一般软质岩,岩性
Ⅳ级极深埋极硬岩,Ⅳ级极深埋极硬岩,岩性
Ⅳ级极深埋极软岩,Ⅳ级极深埋极软岩,岩性
Ⅳ级极深埋硬质岩,Ⅳ级极深埋硬质岩,岩性
Ⅳ级极深埋软质岩,Ⅳ级极深埋软质岩,岩性
Ⅳ级极深埋较硬岩,Ⅳ级极深埋较硬岩,岩性
Ⅳ级极深埋较软岩,Ⅳ级极深埋较软岩,岩性
Ⅳ级极硬岩,Ⅳ级极硬岩,岩性
Ⅳ级极软岩,Ⅳ级极软岩,岩性
Ⅳ级浅埋一般硬质岩,Ⅳ级浅埋一般硬质岩,岩性
Ⅳ级浅埋一般软质岩,Ⅳ级浅埋一般软质岩,岩性
Ⅳ级浅埋极硬岩,Ⅳ级浅埋极硬岩,岩性
Ⅳ级浅埋极软岩,Ⅳ级浅埋极软岩,岩性
Ⅳ级浅埋硬质岩,Ⅳ级浅埋硬质岩,岩性
Ⅳ级浅埋软质岩,Ⅳ级浅埋软质岩,岩性
Ⅳ级浅埋较硬岩,Ⅳ级浅埋较硬岩,岩性
Ⅳ级浅埋较软岩,Ⅳ级浅埋较软岩,岩性
Ⅳ级深埋一般硬质岩,Ⅳ级深埋一般硬质岩,岩性
Ⅳ级深埋一般软质岩,Ⅳ级深埋一般软质岩,岩性
Ⅳ级深埋极硬岩,Ⅳ级深埋极硬岩,岩性
Ⅳ级深埋极软岩,Ⅳ级深埋极软岩,岩性
Ⅳ级深埋硬质岩,Ⅳ级深埋硬质岩,岩性
Ⅳ级深埋软质岩,Ⅳ级深埋软质岩,岩性
Ⅳ级深埋较硬岩,Ⅳ级深埋较硬岩,岩性
Ⅳ级深埋较软岩,Ⅳ级深埋较软岩,岩性
Ⅳ级硬质岩,Ⅳ级硬质岩,岩性
Ⅳ级硬软互层,Ⅳ级硬软互层,岩性
Ⅳ级级围岩,Ⅳ级级围岩,岩性
Ⅳ级级围岩区段,Ⅳ级级围岩区段,岩性
Ⅳ级级围岩区间,Ⅳ级级围岩区间,岩性
Ⅳ级级围岩段,Ⅳ级级围岩段,岩性
Ⅳ级级围岩段落,Ⅳ级级围岩段落,岩性
Ⅳ级级围岩部位,Ⅳ级级围岩部位,岩性
Ⅳ级蠕变变形,Ⅳ级蠕变变形,岩性
Ⅳ级软硬互层,Ⅳ级软硬互层,岩性
Ⅳ级软质岩,Ⅳ级软质岩,岩性
Ⅳ级轻微挤压变形,Ⅳ级轻微挤压变形,岩性
Ⅳ级较硬岩,Ⅳ级较硬岩,岩性
Ⅳ级较软岩,Ⅳ级较软岩,岩性
Ⅴ级一般硬质岩,Ⅴ级一般硬质岩,岩性
Ⅴ级一般软质岩,Ⅴ级一般软质岩,岩性
Ⅴ级中埋一般硬质岩,Ⅴ级中埋一般硬质岩,岩性
Ⅴ级中埋一般软质岩,Ⅴ级中埋一般软质岩,岩性
Ⅴ级中埋极硬岩,Ⅴ级中埋极硬岩,岩性
Ⅴ级中埋极软岩,Ⅴ级中埋极软岩,岩性
Ⅴ级中埋硬质岩,Ⅴ级中埋硬质岩,岩性
Ⅴ级中埋软质岩,Ⅴ级中埋软质岩,岩性
Ⅴ级中埋较硬岩,Ⅴ级中埋较硬岩,岩性
Ⅴ级中埋较软岩,Ⅴ级中埋较软岩,岩性
Ⅴ级中硬岩,Ⅴ级中硬岩,岩性
Ⅴ级中等挤压变形,Ⅴ级中等挤压变形,岩性
Ⅴ级中软岩,Ⅴ级中软岩,岩性
Ⅴ级变形持续发展,Ⅴ级变形持续发展,岩性
Ⅴ级变形趋于稳定,Ⅴ级变形趋于稳定,岩性
Ⅴ级围岩,Ⅴ级围岩,岩性
Ⅴ级围岩一般硬质岩,Ⅴ级围岩一般硬质岩,岩性
Ⅴ级围岩一般软质岩,Ⅴ级围岩一般软质岩,岩性
Ⅴ级围岩中硬岩,Ⅴ级围岩中硬岩,岩性
Ⅴ级围岩中等挤压变形,Ⅴ级围岩中等挤压变形,岩性
Ⅴ级围岩中软岩,Ⅴ级围岩中软岩,岩性
Ⅴ级围岩区段,Ⅴ级围岩区段,岩性
Ⅴ级围岩区间,Ⅴ级围岩区间,岩性
Ⅴ级围岩变形持续发展,Ⅴ级围岩变形持续发展,岩性
Ⅴ级围岩变形趋于稳定,Ⅴ级围岩变形趋于稳定,岩性
Ⅴ级围岩围岩收敛快,Ⅴ级围岩围岩收敛快,岩性
Ⅴ级围岩围岩收敛慢,Ⅴ级围岩围岩收敛慢,岩性
Ⅴ级围岩大变形,Ⅴ级围岩大变形,岩性
Ⅴ级围岩大变形风险,Ⅴ级围岩大变形风险,岩性
Ⅴ级围岩强挤压变形,Ⅴ级围岩强挤压变形,岩性
Ⅴ级围岩挤压变形,Ⅴ级围岩挤压变形,岩性
Ⅴ级围岩收敛快,Ⅴ级围岩收敛快,岩性
Ⅴ级围岩收敛慢,Ⅴ级围岩收敛慢,岩性
Ⅴ级围岩收敛速率中,Ⅴ级围岩收敛速率中,岩性
Ⅴ级围岩收敛速率低,Ⅴ级围岩收敛速率低,岩性
Ⅴ级围岩收敛速率高,Ⅴ级围岩收敛速率高,岩性
Ⅴ级围岩条件,Ⅴ级围岩条件,岩性
Ⅴ级围岩条件区段,Ⅴ级围岩条件区段,岩性
Ⅴ级围岩条件区间,Ⅴ级围岩条件区间,岩性
Ⅴ级围岩条件段,Ⅴ级围岩条件段,岩性
Ⅴ级围岩条件段落,Ⅴ级围岩条件段落,岩性
Ⅴ级围岩条件部位,Ⅴ级围岩条件部位,岩性
Ⅴ级围岩极硬岩,Ⅴ级围岩极硬岩,岩性
Ⅴ级围岩极软岩,Ⅴ级围岩极软岩,岩性
Ⅴ级围岩段,Ⅴ级围岩段,岩性
Ⅴ级围岩段落,Ⅴ级围岩段落,岩性
Ⅴ级围岩硬质岩,Ⅴ级围岩硬质岩,岩性
Ⅴ级围岩硬软互层,Ⅴ级围岩硬软互层,岩性
Ⅴ级围岩蠕变变形,Ⅴ级围岩蠕变变形,岩性
Ⅴ级围岩软硬互层,Ⅴ级围岩软硬互层,岩性
Ⅴ级围岩软质岩,Ⅴ级围岩软质岩,岩性
Ⅴ级围岩轻微挤压变形,Ⅴ级围岩轻微挤压变形,岩性
Ⅴ级围岩较硬岩,Ⅴ级围岩较硬岩,岩性
Ⅴ级围岩较软岩,Ⅴ级围岩较软岩,岩性
Ⅴ级围岩部位,Ⅴ级围岩部位,岩性
Ⅴ级大变形,Ⅴ级大变形,岩性
Ⅴ级大变形风险,Ⅴ级大变形风险,岩性
Ⅴ级强挤压变形,Ⅴ级强挤压变形,岩性
Ⅴ级挤压变形,Ⅴ级挤压变形,岩性
Ⅴ级收敛速率中,Ⅴ级收敛速率中,岩性
Ⅴ级收敛速率低,Ⅴ级收敛速率低,岩性
Ⅴ级收敛速率高,Ⅴ级收敛速率高,岩性
Ⅴ级极深埋一般硬质岩,Ⅴ级极深埋一般硬质岩,岩性
Ⅴ级极深埋一般软质岩,Ⅴ级极深埋一般软质岩,岩性
Ⅴ级极深埋极硬岩,Ⅴ级极深埋极硬岩,岩性
Ⅴ级极深埋极软岩,Ⅴ级极深埋极软岩,岩性
Ⅴ级极深埋硬质岩,Ⅴ级极深埋硬质岩,岩性
Ⅴ级极深埋软质岩,Ⅴ级极深埋软质岩,岩性
Ⅴ级极深埋较硬岩,Ⅴ级极深埋较硬岩,岩性
Ⅴ级极深埋较软岩,Ⅴ级极深埋较软岩,岩性
Ⅴ级极硬岩,Ⅴ级极硬岩,岩性
Ⅴ级极软岩,Ⅴ级极软岩,岩性
Ⅴ级浅埋一般硬质岩,Ⅴ级浅埋一般硬质岩,岩性
Ⅴ级浅埋一般软质岩,Ⅴ级浅埋一般软质岩,岩性
Ⅴ级浅埋极硬岩,Ⅴ级浅埋极硬岩,岩性
Ⅴ级浅埋极软岩,Ⅴ级浅埋极软岩,岩性
Ⅴ级浅埋硬质岩,Ⅴ级浅埋硬质岩,岩性
Ⅴ级浅埋软质岩,Ⅴ级浅埋软质岩,岩性
Ⅴ级浅埋较硬岩,Ⅴ级浅埋较硬岩,岩性
Ⅴ级浅埋较软岩,Ⅴ级浅埋较软岩,岩性
Ⅴ级深埋一般硬质岩,Ⅴ级深埋一般硬质岩,岩性
Ⅴ级深埋一般软质岩,Ⅴ级深埋一般软质岩,岩性
Ⅴ级深埋极硬岩,Ⅴ级深埋极硬岩,岩性
Ⅴ级深埋极软岩,Ⅴ级深埋极软岩,岩性
Ⅴ级深埋硬质岩,Ⅴ级深埋硬质岩,岩性
Ⅴ级深埋软质岩,Ⅴ级深埋软质岩,岩性
Ⅴ级深埋较硬岩,Ⅴ级深埋较硬岩,岩性
Ⅴ级深埋较软岩,Ⅴ级深埋较软岩,岩性
Ⅴ级硬质岩,Ⅴ级硬质岩,岩性
Ⅴ级硬软互层,Ⅴ级硬软互层,岩性
Ⅴ级级围岩,Ⅴ级级围岩,岩性
Ⅴ级级围岩区段,Ⅴ级级围岩区段,岩性
Ⅴ级级围岩区间,Ⅴ级级围岩区间,岩性
Ⅴ级级围岩段,Ⅴ级级围岩段,岩性
Ⅴ级级围岩段落,Ⅴ级级围岩段落,岩性
Ⅴ级级围岩部位,Ⅴ级级围岩部位,岩性
Ⅴ级蠕变变形,Ⅴ级蠕变变形,岩性
Ⅴ级软硬互层,Ⅴ级软硬互层,岩性
Ⅴ级软质岩,Ⅴ级软质岩,岩性
Ⅴ级轻微挤压变形,Ⅴ级轻微挤压变形,岩性
Ⅴ级较硬岩,Ⅴ级较硬岩,岩性
Ⅴ级较软岩,Ⅴ级较软岩,岩性
一级一般硬质岩,一级一般硬质岩,岩性
一级一般软质岩,一级一般软质岩,岩性
一级中埋一般硬质岩,一级中埋一般硬质岩,岩性
一级中埋一般软质岩,一级中埋一般软质岩,岩性
一级中埋极硬岩,一级中埋极硬岩,岩性
一级中埋极软岩,一级中埋极软岩,岩性
一级中埋硬质岩,一级中埋硬质岩,岩性
一级中埋软质岩,一级中埋软质岩,岩性
一级中埋较硬岩,一级中埋较硬岩,岩性
一级中埋较软岩,一级中埋较软岩,岩性
一级中硬岩,一级中硬岩,岩性
一级中软岩,一级中软岩,岩性
一级围岩,一级围岩,岩性
一级围岩一般硬质岩,一级围岩一般硬质岩,岩性
一级围岩一般软质岩,一级围岩一般软质岩,岩性
一级围岩中硬岩,一级围岩中硬岩,岩性
一级围岩中软岩,一级围岩中软岩,岩性
一级围岩区段,一级围岩区段,岩性
一级围岩区间,一级围岩区间,岩性
一级围岩条件,一级围岩条件,岩性
一级围岩条件区段,一级围岩条件区段,岩性
一级围岩条件区间,一级围岩条件区间,岩性
一级围岩条件段,一级围岩条件段,岩性
一级围岩条件段落,一级围岩条件段落,岩性
一级围岩条件部位,一级围岩条件部位,岩性
一级围岩极硬岩,一级围岩极硬岩,岩性
一级围岩极软岩,一级围岩极软岩,岩性
一级围岩段,一级围岩段,岩性
一级围岩段落,一级围岩段落,岩性
一级围岩硬质岩,一级围岩硬质岩,岩性
一级围岩硬软互层,一级围岩硬软互层,岩性
一级围岩软硬互层,一级围岩软硬互层,岩性
一级围岩软质岩,一级围岩软质岩,岩性
一级围岩较硬岩,一级围岩较硬岩,岩性
一级围岩较软岩,一级围岩较软岩,岩性
一级围岩部位,一级围岩部位,岩性
一级极深埋一般硬质岩,一级极深埋一般硬质岩,岩性
一级极深埋一般软质岩,一级极深埋一般软质岩,岩性
一级极深埋极硬岩,一级极深埋极硬岩,岩性
一级极深埋极软岩,一级极深埋极软岩,岩性
一级极深埋硬质岩,一级极深埋硬质岩,岩性
一级极深埋软质岩,一级极深埋软质岩,岩性
一级极深埋较硬岩,一级极深埋较硬岩,岩性
一级极深埋较软岩,一级极深埋较软岩,岩性
一级极硬岩,一级极硬岩,岩性
一级极软岩,一级极软岩,岩性
一级浅埋一般硬质岩,一级浅埋一般硬质岩,岩性
一级浅埋一般软质岩,一级浅埋一般软质岩,岩性
一级浅埋极硬岩,一级浅埋极硬岩,岩性
一级浅埋极软岩,一级浅埋极软岩,岩性
一级浅埋硬质岩,一级浅埋硬质岩,岩性
一级浅埋软质岩,一级浅埋软质岩,岩性
一级浅埋较硬岩,一级浅埋较硬岩,岩性
一级浅埋较软岩,一级浅埋较软岩,岩性
一级深埋一般硬质岩,一级深埋一般硬质岩,岩性
一级深埋一般软质岩,一级深埋一般软质岩,岩性
一级深埋极硬岩,一级深埋极硬岩,岩性
一级深埋极软岩,一级深埋极软岩,岩性
一级深埋硬质岩,一级深埋硬质岩,岩性
一级深埋软质岩,一级深埋软质岩,岩性
一级深埋较硬岩,一级深埋较硬岩,岩性
一级深埋较软岩,一级深埋较软岩,岩性
一级硬质岩,一级硬质岩,岩性
一级硬软互层,一级硬软互层,岩性
一级级围岩,一级级围岩,岩性
一级级围岩区段,一级级围岩区段,岩性
一级级围岩区间,一级级围岩区间,岩性
一级级围岩段,一级级围岩段,岩性
一级级围岩段落,一级级围岩段落,岩性
一级级围岩部位,一级级围岩部位,岩性
一级软硬互层,一级软硬互层,岩性
一级软质岩,一级软质岩,岩性
一级较硬岩,一级较硬岩,岩性
一级较软岩,一级较软岩,岩性
一般硬质岩Ⅰ级,一般硬质岩Ⅰ级,岩性
一般硬质岩Ⅱ级,一般硬质岩Ⅱ级,岩性
一般硬质岩Ⅲ级,一般硬质岩Ⅲ级,岩性
一般硬质岩Ⅳ级,一般硬质岩Ⅳ级,岩性
一般硬质岩Ⅴ级,一般硬质岩Ⅴ级,岩性
一般硬质岩一级,一般硬质岩一级,岩性
一般硬质岩三级,一般硬质岩三级,岩性
一般硬质岩二级,一般硬质岩二级,岩性
一般硬质岩五级,一般硬质岩五级,岩性
一般硬质岩四级,一般硬质岩四级,岩性
一般软质岩Ⅰ级,一般软质岩Ⅰ级,岩性
一般软质岩Ⅱ级,一般软质岩Ⅱ级,岩性
一般软质岩Ⅲ级,一般软质岩Ⅲ级,岩性
一般软质岩Ⅳ级,一般软质岩Ⅳ级,岩性
一般软质岩Ⅴ级,一般软质岩Ⅴ级,岩性
一般软质岩一级,一般软质岩一级,岩性
一般软质岩三级,一般软质岩三级,岩性
一般软质岩二级,一般软质岩二级,岩性
一般软质岩五级,一般软质岩五级,岩性
一般软质岩四级,一般软质岩四级,岩性
三级一般硬质岩,三级一般硬质岩,岩性
三级一般软质岩,三级一般软质岩,岩性
三级中埋一般硬质岩,三级中埋一般硬质岩,岩性
三级中埋一般软质岩,三级中埋一般软质岩,岩性
三级中埋极硬岩,三级中埋极硬岩,岩性
三级中埋极软岩,三级中埋极软岩,岩性
三级中埋硬质岩,三级中埋硬质岩,岩性
三级中埋软质岩,三级中埋软质岩,岩性
三级中埋较硬岩,三级中埋较硬岩,岩性
三级中埋较软岩,三级中埋较软岩,岩性
三级中硬岩,三级中硬岩,岩性
三级中等挤压变形,三级中等挤压变形,岩性
三级中软岩,三级中软岩,岩性
三级变形持续发展,三级变形持续发展,岩性
三级变形趋于稳定,三级变形趋于稳定,岩性
三级围岩,三级围岩,岩性
三级围岩一般硬质岩,三级围岩一般硬质岩,岩性
三级围岩一般软质岩,三级围岩一般软质岩,岩性
三级围岩中硬岩,三级围岩中硬岩,岩性
三级围岩中等挤压变形,三级围岩中等挤压变形,岩性
三级围岩中软岩,三级围岩中软岩,岩性
三级围岩区段,三级围岩区段,岩性
三级围岩区间,三级围岩区间,岩性
三级围岩变形持续发展,三级围岩变形持续发展,岩性
三级围岩变形趋于稳定,三级围岩变形趋于稳定,岩性
三级围岩围岩收敛快,三级围岩围岩收敛快,岩性
三级围岩围岩收敛慢,三级围岩围岩收敛慢,岩性
三级围岩大变形,三级围岩大变形,岩性
三级围岩大变形风险,三级围岩大变形风险,岩性
三级围岩强挤压变形,三级围岩强挤压变形,岩性
三级围岩挤压变形,三级围岩挤压变形,岩性
三级围岩收敛快,三级围岩收敛快,岩性
三级围岩收敛慢,三级围岩收敛慢,岩性
三级围岩收敛速率中,三级围岩收敛速率中,岩性
三级围岩收敛速率低,三级围岩收敛速率低,岩性
三级围岩收敛速率高,三级围岩收敛速率高,岩性
三级围岩条件,三级围岩条件,岩性
三级围岩条件区段,三级围岩条件区段,岩性
三级围岩条件区间,三级围岩条件区间,岩性
三级围岩条件段,三级围岩条件段,岩性
三级围岩条件段落,三级围岩条件段落,岩性
三级围岩条件部位,三级围岩条件部位,岩性
三级围岩极硬岩,三级围岩极硬岩,岩性
三级围岩极软岩,三级围岩极软岩,岩性
三级围岩段,三级围岩段,岩性
三级围岩段落,三级围岩段落,岩性
三级围岩硬质岩,三级围岩硬质岩,岩性
三级围岩硬软互层,三级围岩硬软互层,岩性
三级围岩蠕变变形,三级围岩蠕变变形,岩性
三级围岩软硬互层,三级围岩软硬互层,岩性
三级围岩软质岩,三级围岩软质岩,岩性
三级围岩轻微挤压变形,三级围岩轻微挤压变形,岩性
三级围岩较硬岩,三级围岩较硬岩,岩性
三级围岩较软岩,三级围岩较软岩,岩性
三级围岩部位,三级围岩部位,岩性
三级大变形,三级大变形,岩性
三级大变形风险,三级大变形风险,岩性
三级强挤压变形,三级强挤压变形,岩性
三级挤压变形,三级挤压变形,岩性
三级收敛速率中,三级收敛速率中,岩性
三级收敛速率低,三级收敛速率低,岩性
三级收敛速率高,三级收敛速率高,岩性
三级极深埋一般硬质岩,三级极深埋一般硬质岩,岩性
三级极深埋一般软质岩,三级极深埋一般软质岩,岩性
三级极深埋极硬岩,三级极深埋极硬岩,岩性
三级极深埋极软岩,三级极深埋极软岩,岩性
三级极深埋硬质岩,三级极深埋硬质岩,岩性
三级极深埋软质岩,三级极深埋软质岩,岩性
三级极深埋较硬岩,三级极深埋较硬岩,岩性
三级极深埋较软岩,三级极深埋较软岩,岩性
三级极硬岩,三级极硬岩,岩性
三级极软岩,三级极软岩,岩性
三级浅埋一般硬质岩,三级浅埋一般硬质岩,岩性
三级浅埋一般软质岩,三级浅埋一般软质岩,岩性
三级浅埋极硬岩,三级浅埋极硬岩,岩性
三级浅埋极软岩,三级浅埋极软岩,岩性
三级浅埋硬质岩,三级浅埋硬质岩,岩性
三级浅埋软质岩,三级浅埋软质岩,岩性
三级浅埋较硬岩,三级浅埋较硬岩,岩性
三级浅埋较软岩,三级浅埋较软岩,岩性
三级深埋一般硬质岩,三级深埋一般硬质岩,岩性
三级深埋一般软质岩,三级深埋一般软质岩,岩性
三级深埋极硬岩,三级深埋极硬岩,岩性
三级深埋极软岩,三级深埋极软岩,岩性
三级深埋硬质岩,三级深埋硬质岩,岩性
三级深埋软质岩,三级深埋软质岩,岩性
三级深埋较硬岩,三级深埋较硬岩,岩性
三级深埋较软岩,三级深埋较软岩,岩性
三级硬质岩,三级硬质岩,岩性
三级硬软互层,三级硬软互层,岩性
三级级围岩,三级级围岩,岩性
三级级围岩区段,三级级围岩区段,岩性
三级级围岩区间,三级级围岩区间,岩性
三级级围岩段,三级级围岩段,岩性
三级级围岩段落,三级级围岩段落,岩性
三级级围岩部位,三级级围岩部位,岩性
三级蠕变变形,三级蠕变变形,岩性
三级软硬互层,三级软硬互层,岩性
三级软质岩,三级软质岩,岩性
三级轻微挤压变形,三级轻微挤压变形,岩性
三级较硬岩,三级较硬岩,岩性
三级较软岩,三级较软岩,岩性
中低风险含砂浑水,中低风险含砂浑水,岩性
中低风险带泥浑水,中低风险带泥浑水,岩性
中低风险水压中等,中低风险水压中等,岩性
中低风险水压低,中低风险水压低,岩性
中低风险水压高,中低风险水压高,岩性
中低风险涌水量中等,中低风险涌水量中等,岩性
中低风险涌水量大,中低风险涌水量大,岩性
中低风险涌水量小,中低风险涌水量小,岩性
中低风险突涌泥水,中低风险突涌泥水,岩性
中低风险股状出水,中低风险股状出水,岩性
中低风险返水带泥,中低风险返水带泥,岩性
中埋Ⅰ级一般硬质岩,中埋Ⅰ级一般硬质岩,岩性
中埋Ⅰ级一般软质岩,中埋Ⅰ级一般软质岩,岩性
中埋Ⅰ级极硬岩,中埋Ⅰ级极硬岩,岩性
中埋Ⅰ级极软岩,中埋Ⅰ级极软岩,岩性
中埋Ⅰ级硬质岩,中埋Ⅰ级硬质岩,岩性
中埋Ⅰ级软质岩,中埋Ⅰ级软质岩,岩性
中埋Ⅰ级较硬岩,中埋Ⅰ级较硬岩,岩性
中埋Ⅰ级较软岩,中埋Ⅰ级较软岩,岩性
中埋Ⅱ级一般硬质岩,中埋Ⅱ级一般硬质岩,岩性
中埋Ⅱ级一般软质岩,中埋Ⅱ级一般软质岩,岩性
中埋Ⅱ级极硬岩,中埋Ⅱ级极硬岩,岩性
中埋Ⅱ级极软岩,中埋Ⅱ级极软岩,岩性
中埋Ⅱ级硬质岩,中埋Ⅱ级硬质岩,岩性
中埋Ⅱ级软质岩,中埋Ⅱ级软质岩,岩性
中埋Ⅱ级较硬岩,中埋Ⅱ级较硬岩,岩性
中埋Ⅱ级较软岩,中埋Ⅱ级较软岩,岩性
中埋Ⅲ级一般硬质岩,中埋Ⅲ级一般硬质岩,岩性
中埋Ⅲ级一般软质岩,中埋Ⅲ级一般软质岩,岩性
中埋Ⅲ级极硬岩,中埋Ⅲ级极硬岩,岩性
中埋Ⅲ级极软岩,中埋Ⅲ级极软岩,岩性
中埋Ⅲ级硬质岩,中埋Ⅲ级硬质岩,岩性
中埋Ⅲ级软质岩,中埋Ⅲ级软质岩,岩性
中埋Ⅲ级较硬岩,中埋Ⅲ级较硬岩,岩性
中埋Ⅲ级较软岩,中埋Ⅲ级较软岩,岩性
中埋Ⅳ级一般硬质岩,中埋Ⅳ级一般硬质岩,岩性
中埋Ⅳ级一般软质岩,中埋Ⅳ级一般软质岩,岩性
中埋Ⅳ级极硬岩,中埋Ⅳ级极硬岩,岩性
中埋Ⅳ级极软岩,中埋Ⅳ级极软岩,岩性
中埋Ⅳ级硬质岩,中埋Ⅳ级硬质岩,岩性
中埋Ⅳ级软质岩,中埋Ⅳ级软质岩,岩性
中埋Ⅳ级较硬岩,中埋Ⅳ级较硬岩,岩性
中埋Ⅳ级较软岩,中埋Ⅳ级较软岩,岩性
中埋Ⅴ级一般硬质岩,中埋Ⅴ级一般硬质岩,岩性
中埋Ⅴ级一般软质岩,中埋Ⅴ级一般软质岩,岩性
中埋Ⅴ级极硬岩,中埋Ⅴ级极硬岩,岩性
中埋Ⅴ级极软岩,中埋Ⅴ级极软岩,岩性
中埋Ⅴ级硬质岩,中埋Ⅴ级硬质岩,岩性
中埋Ⅴ级软质岩,中埋Ⅴ级软质岩,岩性
中埋Ⅴ级较硬岩,中埋Ⅴ级较硬岩,岩性
中埋Ⅴ级较软岩,中埋Ⅴ级较软岩,岩性
中埋一级一般硬质岩,中埋一级一般硬质岩,岩性
中埋一级一般软质岩,中埋一级一般软质岩,岩性
中埋一级极硬岩,中埋一级极硬岩,岩性
中埋一级极软岩,中埋一级极软岩,岩性
中埋一级硬质岩,中埋一级硬质岩,岩性
中埋一级软质岩,中埋一级软质岩,岩性
中埋一级较硬岩,中埋一级较硬岩,岩性
中埋一级较软岩,中埋一级较软岩,岩性
中埋三级一般硬质岩,中埋三级一般硬质岩,岩性
中埋三级一般软质岩,中埋三级一般软质岩,岩性
中埋三级极硬岩,中埋三级极硬岩,岩性
中埋三级极软岩,中埋三级极软岩,岩性
中埋三级硬质岩,中埋三级硬质岩,岩性
中埋三级软质岩,中埋三级软质岩,岩性
中埋三级较硬岩,中埋三级较硬岩,岩性
中埋三级较软岩,中埋三级较软岩,岩性
中埋二级一般硬质岩,中埋二级一般硬质岩,岩性
中埋二级一般软质岩,中埋二级一般软质岩,岩性
中埋二级极硬岩,中埋二级极硬岩,岩性
中埋二级极软岩,中埋二级极软岩,岩性
中埋二级硬质岩,中埋二级硬质岩,岩性
中埋二级软质岩,中埋二级软质岩,岩性
中埋二级较硬岩,中埋二级较硬岩,岩性
中埋二级较软岩,中埋二级较软岩,岩性
中埋五级一般硬质岩,中埋五级一般硬质岩,岩性
中埋五级一般软质岩,中埋五级一般软质岩,岩性
中埋五级极硬岩,中埋五级极硬岩,岩性
中埋五级极软岩,中埋五级极软岩,岩性
中埋五级硬质岩,中埋五级硬质岩,岩性
中埋五级软质岩,中埋五级软质岩,岩性
中埋五级较硬岩,中埋五级较硬岩,岩性
中埋五级较软岩,中埋五级较软岩,岩性
中埋四级一般硬质岩,中埋四级一般硬质岩,岩性
中埋四级一般软质岩,中埋四级一般软质岩,岩性
中埋四级极硬岩,中埋四级极硬岩,岩性
中埋四级极软岩,中埋四级极软岩,岩性
中埋四级硬质岩,中埋四级硬质岩,岩性
中埋四级软质岩,中埋四级软质岩,岩性
中埋四级较硬岩,中埋四级较硬岩,岩性
中埋四级较软岩,中埋四级较软岩,岩性
中岩体破碎度,中岩体破碎度,岩性
中岩体缺失度,中岩体缺失度,岩性
中岩爆倾向中低风险,中岩爆倾向中低风险,岩性
中岩爆倾向中风险,中岩爆倾向中风险,岩性
中岩爆倾向中高风险,中岩爆倾向中高风险,岩性
中岩爆倾向低风险,中岩爆倾向低风险,岩性
中岩爆倾向区段,中岩爆倾向区段,岩性
中岩爆倾向区间,中岩爆倾向区间,岩性
中岩爆倾向段,中岩爆倾向段,岩性
中岩爆倾向段落,中岩爆倾向段落,岩性
中岩爆倾向碎裂,中岩爆倾向碎裂,岩性
中岩爆倾向角砾化,中岩爆倾向角砾化,岩性
中岩爆倾向部位,中岩爆倾向部位,岩性
中岩爆倾向风险不确定,中岩爆倾向风险不确定,岩性
中岩爆倾向风险可控,中岩爆倾向风险可控,岩性
中岩爆倾向风险较低,中岩爆倾向风险较低,岩性
中岩爆倾向风险较高,中岩爆倾向风险较高,岩性
中岩爆倾向高风险,中岩爆倾向高风险,岩性
中硬岩Ⅰ级,中硬岩Ⅰ级,岩性
中硬岩Ⅱ级,中硬岩Ⅱ级,岩性
中硬岩Ⅲ级,中硬岩Ⅲ级,岩性
中硬岩Ⅳ级,中硬岩Ⅳ级,岩性
中硬岩Ⅴ级,中硬岩Ⅴ级,岩性
中硬岩一级,中硬岩一级,岩性
中硬岩三级,中硬岩三级,岩性
中硬岩二级,中硬岩二级,岩性
中硬岩五级,中硬岩五级,岩性
中硬岩四级,中硬岩四级,岩性
中等地应力中低风险,中等地应力中低风险,岩性
中等地应力中风险,中等地应力中风险,岩性
中等地应力中高风险,中等地应力中高风险,岩性
中等地应力低风险,中等地应力低风险,岩性
中等地应力区段,中等地应力区段,岩性
中等地应力区间,中等地应力区间,岩性
中等地应力段,中等地应力段,岩性
中等地应力段落,中等地应力段落,岩性
中等地应力碎裂,中等地应力碎裂,岩性
中等地应力角砾化,中等地应力角砾化,岩性
中等地应力部位,中等地应力部位,岩性
中等地应力风险不确定,中等地应力风险不确定,岩性
中等地应力风险可控,中等地应力风险可控,岩性
中等地应力风险较低,中等地应力风险较低,岩性
中等地应力风险较高,中等地应力风险较高,岩性
中等地应力高风险,中等地应力高风险,岩性
中等完整区段,中等完整区段,岩性
中等完整区间,中等完整区间,岩性
中等完整含砂浑水,中等完整含砂浑水,岩性
中等完整围岩稳定性好,中等完整围岩稳定性好,岩性
中等完整围岩稳定性差,中等完整围岩稳定性差,岩性
中等完整带泥浑水,中等完整带泥浑水,岩性
中等完整易掉块,中等完整易掉块,岩性
中等完整段,中等完整段,岩性
中等完整段落,中等完整段落,岩性
中等完整水压中等,中等完整水压中等,岩性
中等完整水压低,中等完整水压低,岩性
中等完整水压高,中等完整水压高,岩性
中等完整涌水量中等,中等完整涌水量中等,岩性
中等完整涌水量大,中等完整涌水量大,岩性
中等完整涌水量小,中等完整涌水量小,岩性
中等完整突涌泥水,中等完整突涌泥水,岩性
中等完整股状出水,中等完整股状出水,岩性
中等完整自稳性好,中等完整自稳性好,岩性
中等完整自稳性差,中等完整自稳性差,岩性
中等完整返水带泥,中等完整返水带泥,岩性
中等完整部位,中等完整部位,岩性
中等富水中低风险,中等富水中低风险,岩性
中等富水中风险,中等富水中风险,岩性
中等富水中高风险,中等富水中高风险,岩性
中等富水低风险,中等富水低风险,岩性
中等富水凝灰岩,中等富水凝灰岩,岩性
中等富水区段,中等富水区段,岩性
中等富水区间,中等富水区间,岩性
中等富水千枚岩,中等富水千枚岩,岩性
中等富水变质泥岩,中等富水变质泥岩,岩性
中等富水变质砂岩,中等富水变质砂岩,岩性
中等富水围岩掉块卡机,中等富水围岩掉块卡机,岩性
中等富水围岩稳定性好,中等富水围岩稳定性好,岩性
中等富水围岩稳定性差,中等富水围岩稳定性差,岩性
中等富水大理岩,中等富水大理岩,岩性
中等富水层间错动带,中等富水层间错动带,岩性
中等富水拱顶掉块,中等富水拱顶掉块,岩性
中等富水掉块,中等富水掉块,岩性
中等富水掉块掉渣,中等富水掉块掉渣,岩性
中等富水掉渣,中等富水掉渣,岩性
中等富水掌子面掉块,中等富水掌子面掉块,岩性
中等富水无掉渣,中等富水无掉渣,岩性
中等富水易掉块,中等富水易掉块,岩性
中等富水松散,中等富水松散,岩性
中等富水板岩,中等富水板岩,岩性
中等富水段,中等富水段,岩性
中等富水段落,中等富水段落,岩性
中等富水泥岩,中等富水泥岩,岩性
中等富水泥质砂岩,中等富水泥质砂岩,岩性
中等富水滑带,中等富水滑带,岩性
中等富水灰岩,中等富水灰岩,岩性
中等富水灰质泥岩,中等富水灰质泥岩,岩性
中等富水片岩,中等富水片岩,岩性
中等富水片帮,中等富水片帮,岩性
中等富水片麻岩,中等富水片麻岩,岩性
中等富水玄武岩,中等富水玄武岩,岩性
中等富水石灰岩,中等富水石灰岩,岩性
中等富水砂岩,中等富水砂岩,岩性
中等富水砂砾岩,中等富水砂砾岩,岩性
中等富水砂质泥岩,中等富水砂质泥岩,岩性
中等富水碎裂,中等富水碎裂,岩性
中等富水粉砂岩,中等富水粉砂岩,岩性
中等富水糜棱化,中等富水糜棱化,岩性
中等富水自稳性好,中等富水自稳性好,岩性
中等富水自稳性差,中等富水自稳性差,岩性
中等富水花岗岩,中等富水花岗岩,岩性
中等富水角砾化,中等富水角砾化,岩性
中等富水角砾岩,中等富水角砾岩,岩性
中等富水部位,中等富水部位,岩性
中等富水页岩,中等富水页岩,岩性
中等富水风险不确定,中等富水风险不确定,岩性
中等富水风险可控,中等富水风险可控,岩性
中等富水风险较低,中等富水风险较低,岩性
中等富水风险较高,中等富水风险较高,岩性
中等富水高风险,中等富水高风险,岩性
中等岩体破碎度,中等岩体破碎度,岩性
中等岩体缺失度,中等岩体缺失度,岩性
中等挤压变形,中等挤压变形,岩性
中等挤压变形中低风险,中等挤压变形中低风险,岩性
中等挤压变形中风险,中等挤压变形中风险,岩性
中等挤压变形中高风险,中等挤压变形中高风险,岩性
中等挤压变形低风险,中等挤压变形低风险,岩性
中等挤压变形区段,中等挤压变形区段,岩性
中等挤压变形区间,中等挤压变形区间,岩性
中等挤压变形段,中等挤压变形段,岩性
中等挤压变形段落,中等挤压变形段落,岩性
中等挤压变形部位,中等挤压变形部位,岩性
中等挤压变形风险不确定,中等挤压变形风险不确定,岩性
中等挤压变形风险可控,中等挤压变形风险可控,岩性
中等挤压变形风险较低,中等挤压变形风险较低,岩性
中等挤压变形风险较高,中等挤压变形风险较高,岩性
中等挤压变形高风险,中等挤压变形高风险,岩性
中等破碎区段,中等破碎区段,岩性
中等破碎区间,中等破碎区间,岩性
中等破碎含砂浑水,中等破碎含砂浑水,岩性
中等破碎围岩稳定性好,中等破碎围岩稳定性好,岩性
中等破碎围岩稳定性差,中等破碎围岩稳定性差,岩性
中等破碎易掉块,中等破碎易掉块,岩性
中等破碎段,中等破碎段,岩性
中等破碎段落,中等破碎段落,岩性
中等破碎水压中等,中等破碎水压中等,岩性
中等破碎水压低,中等破碎水压低,岩性
中等破碎水压高,中等破碎水压高,岩性
中等破碎涌水量中等,中等破碎涌水量中等,岩性
中等破碎涌水量大,中等破碎涌水量大,岩性
中等破碎涌水量小,中等破碎涌水量小,岩性
中等破碎突涌泥水,中等破碎突涌泥水,岩性
中等破碎股状出水,中等破碎股状出水,岩性
中等破碎自稳性好,中等破碎自稳性好,岩性
中等破碎自稳性差,中等破碎自稳性差,岩性
中粒安山岩,中粒安山岩,岩性
中粒流纹岩,中粒流纹岩,岩性
中粒玄武岩,中粒玄武岩,岩性
中粒花岗岩,中粒花岗岩,岩性
中粒辉绿岩,中粒辉绿岩,岩性
中粒辉长岩,中粒辉长岩,岩性
中粒闪长岩,中粒闪长岩,岩性
中高风险,中高风险,岩性
二辉橄榄岩,二辉橄榄岩,岩性
二长岩,二长岩,岩性
二长花岗岩,二长花岗岩,岩性
二长闪长岩,二长闪长岩,岩性
云母片岩,云母片岩,岩性
云母质千枚岩,云母质千枚岩,岩性
云母质大理岩,云母质大理岩,岩性
云母质板岩,云母质板岩,岩性
云母质片岩,云母质片岩,岩性
云母质片麻岩,云母质片麻岩,岩性
云母质石英岩,云母质石英岩,岩性
云母质糜棱岩,云母质糜棱岩,岩性
互层泥岩,互层泥岩,岩性
互层砂岩,互层砂岩,岩性
互层砾岩,互层砾岩,岩性
互层粉砂岩,互层粉砂岩,岩性
互层角砾岩,互层角砾岩,岩性
互层页岩,互层页岩,岩性
五级硬质岩,五级硬质岩,岩性
五级软质岩,五级软质岩,岩性
亮晶泥灰岩,亮晶泥灰岩,岩性
亮晶灰岩,亮晶灰岩,岩性
亮晶白云岩,亮晶白云岩,岩性
亮晶白云质灰岩,亮晶白云质灰岩,岩性
亮晶石灰岩,亮晶石灰岩,岩性
伟晶岩,伟晶岩,岩性
似斑状安山岩,似斑状安山岩,岩性
似斑状流纹岩,似斑状流纹岩,岩性
似斑状玄武岩,似斑状玄武岩,岩性
似斑状花岗岩,似斑状花岗岩,岩性
似斑状辉绿岩,似斑状辉绿岩,岩性
似斑状辉长岩,似斑状辉长岩,岩性
似斑状闪长岩,似斑状闪长岩,岩性
低岩体破碎度,低岩体破碎度,岩性
低岩体缺失度,低岩体缺失度,岩性
凝灰岩,凝灰岩,岩性
凝灰熔岩,凝灰熔岩,岩性
凝灰角砾岩,凝灰角砾岩,岩性
凝灰质泥岩,凝灰质泥岩,岩性
凝灰质砂岩,凝灰质砂岩,岩性
凝灰质砾岩,凝灰质砾岩,岩性
凝灰质粉砂岩,凝灰质粉砂岩,岩性
凝灰质角砾岩,凝灰质角砾岩,岩性
凝灰质页岩,凝灰质页岩,岩性
千枚岩,千枚岩,岩性
千枚岩与变质砂岩互层,千枚岩与变质砂岩互层,岩性
千枚岩夹变质砂岩,千枚岩夹变质砂岩,岩性
厚层泥岩,厚层泥岩,岩性
厚层泥灰岩,厚层泥灰岩,岩性
厚层白云岩,厚层白云岩,岩性
厚层白云质灰岩,厚层白云质灰岩,岩性
厚层石灰岩,厚层石灰岩,岩性
厚层砂岩,厚层砂岩,岩性
厚层砾岩,厚层砾岩,岩性
厚层粉砂岩,厚层粉砂岩,岩性
厚层角砾岩,厚层角砾岩,岩性
厚层页岩,厚层页岩,岩性
变粒岩,变粒岩,岩性
变质泥岩,变质泥岩,岩性
变质砂岩,变质砂岩,岩性
变质砾岩,变质砾岩,岩性
变质粉砂岩,变质粉砂岩,岩性
叠层石灰岩,叠层石灰岩,岩性
含泥泥岩,含泥泥岩,岩性
含泥砂岩,含泥砂岩,岩性
含泥砾岩,含泥砾岩,岩性
含泥粉砂岩,含泥粉砂岩,岩性
含泥角砾岩,含泥角砾岩,岩性
含泥页岩,含泥页岩,岩性
含煤地层,含煤地层,岩性
含煤泥岩,含煤泥岩,岩性
含煤砂岩,含煤砂岩,岩性
含燧石泥灰岩,含燧石泥灰岩,岩性
含燧石灰岩,含燧石灰岩,岩性
含燧石白云岩,含燧石白云岩,岩性
含燧石白云质灰岩,含燧石白云质灰岩,岩性
含燧石石灰岩,含燧石石灰岩,岩性
含石英安山岩,含石英安山岩,岩性
含石英流纹岩,含石英流纹岩,岩性
含石英玄武岩,含石英玄武岩,岩性
含石英花岗岩,含石英花岗岩,岩性
含石英辉绿岩,含石英辉绿岩,岩性
含石英辉长岩,含石英辉长岩,岩性
含石英闪长岩,含石英闪长岩,岩性
含砂泥岩,含砂泥岩,岩性
含砂砂岩,含砂砂岩,岩性
含砂砾岩,含砂砾岩,岩性
含砂粉砂岩,含砂粉砂岩,岩性
含砂角砾岩,含砂角砾岩,岩性
含砂页岩,含砂页岩,岩性
含砾泥岩,含砾泥岩,岩性
含砾砂岩,含砾砂岩,岩性
含砾砾岩,含砾砾岩,岩性
含砾粉砂岩,含砾粉砂岩,岩性
含砾角砾岩,含砾角砾岩,岩性
含砾页岩,含砾页岩,岩性
含长石安山岩,含长石安山岩,岩性
含长石流纹岩,含长石流纹岩,岩性
含长石玄武岩,含长石玄武岩,岩性
含长石花岗岩,含长石花岗岩,岩性
含长石辉绿岩,含长石辉绿岩,岩性
含长石辉长岩,含长石辉长岩,岩性
含长石闪长岩,含长石闪长岩,岩性
响岩,响岩,岩性
四级深埋硬质岩,四级深埋硬质岩,岩性
四级软质岩,四级软质岩,岩性
块状安山岩,块状安山岩,岩性
块状泥灰岩,块状泥灰岩,岩性
块状流纹岩,块状流纹岩,岩性
块状玄武岩,块状玄武岩,岩性
块状白云岩,块状白云岩,岩性
块状白云质灰岩,块状白云质灰岩,岩性
块状石灰岩,块状石灰岩,岩性
块状花岗岩,块状花岗岩,岩性
块状辉绿岩,块状辉绿岩,岩性
块状辉长岩,块状辉长岩,岩性
块状闪长岩,块状闪长岩,岩性
基底砾岩,基底砾岩,岩性
大理岩,大理岩,岩性
安山岩,安山岩,岩性
富水段落,富水段落,岩性
局部岩体破碎型,局部岩体破碎型,岩性
层状泥灰岩,层状泥灰岩,岩性
层状白云岩,层状白云岩,岩性
层状白云质灰岩,层状白云质灰岩,岩性
层状石灰岩,层状石灰岩,岩性
岩体介质缺失型,岩体介质缺失型,岩性
岩屑凝灰岩,岩屑凝灰岩,岩性
岩屑砂岩,岩屑砂岩,岩性
岩脉,岩脉,岩性
弱片理千枚岩,弱片理千枚岩,岩性
弱片理大理岩,弱片理大理岩,岩性
弱片理板岩,弱片理板岩,岩性
弱片理片岩,弱片理片岩,岩性
弱片理片麻岩,弱片理片麻岩,岩性
弱片理石英岩,弱片理石英岩,岩性
弱片理糜棱岩,弱片理糜棱岩,岩性
强片理千枚岩,强片理千枚岩,岩性
强片理大理岩,强片理大理岩,岩性
强片理板岩,强片理板岩,岩性
强片理片岩,强片理片岩,岩性
强片理片麻岩,强片理片麻岩,岩性
强片理石英岩,强片理石英岩,岩性
强片理糜棱岩,强片理糜棱岩,岩性
拉斑玄武岩,拉斑玄武岩,岩性
斑状安山岩,斑状安山岩,岩性
斑状流纹岩,斑状流纹岩,岩性
斑状玄武岩,斑状玄武岩,岩性
斑状花岗岩,斑状花岗岩,岩性
斑状辉绿岩,斑状辉绿岩,岩性
斑状辉长岩,斑状辉长岩,岩性
斑状闪长岩,斑状闪长岩,岩性
斜长花岗岩,斜长花岗岩,岩性
方解石脉,方解石脉,岩性
方辉橄榄岩,方辉橄榄岩,岩性
晶屑凝灰岩,晶屑凝灰岩,岩性
杂砂岩,杂砂岩,岩性
条带状千枚岩,条带状千枚岩,岩性
条带状大理岩,条带状大理岩,岩性
条带状板岩,条带状板岩,岩性
条带状片岩,条带状片岩,岩性
条带状片麻岩,条带状片麻岩,岩性
条带状石英岩,条带状石英岩,岩性
条带状糜棱岩,条带状糜棱岩,岩性
板岩,板岩,岩性
板岩与变质泥岩互层,板岩与变质泥岩互层,岩性
板岩与变质砂岩互层,板岩与变质砂岩互层,岩性
板岩夹变质泥岩,板岩夹变质泥岩,岩性
板岩夹变质砂岩,板岩夹变质砂岩,岩性
极粗粒安山岩,极粗粒安山岩,岩性
极粗粒流纹岩,极粗粒流纹岩,岩性
极粗粒玄武岩,极粗粒玄武岩,岩性
极粗粒花岗岩,极粗粒花岗岩,岩性
极粗粒辉绿岩,极粗粒辉绿岩,岩性
极粗粒辉长岩,极粗粒辉长岩,岩性
极粗粒闪长岩,极粗粒闪长岩,岩性
极细粒安山岩,极细粒安山岩,岩性
极细粒流纹岩,极细粒流纹岩,岩性
极细粒玄武岩,极细粒玄武岩,岩性
极细粒花岗岩,极细粒花岗岩,岩性
极细粒辉绿岩,极细粒辉绿岩,岩性
极细粒辉长岩,极细粒辉长岩,岩性
极细粒闪长岩,极细粒闪长岩,岩性
构造角砾岩,构造角砾岩,岩性
榴辉岩,榴辉岩,岩性
橄榄岩,橄榄岩,岩性
橄榄玄武岩,橄榄玄武岩,岩性
橄榄石安山岩,橄榄石安山岩,岩性
橄榄石流纹岩,橄榄石流纹岩,岩性
橄榄石玄武岩,橄榄石玄武岩,岩性
橄榄石花岗岩,橄榄石花岗岩,岩性
橄榄石辉绿岩,橄榄石辉绿岩,岩性
橄榄石辉长岩,橄榄石辉长岩,岩性
橄榄石闪长岩,橄榄石闪长岩,岩性
橄榄苏长岩,橄榄苏长岩,岩性
橄榄辉长岩,橄榄辉长岩,岩性
正长岩,正长岩,岩性
正长花岗岩,正长花岗岩,岩性
沙岩,沙岩,岩性
油页岩,油页岩,岩性
泥岩,泥岩,岩性
泥晶泥灰岩,泥晶泥灰岩,岩性
泥晶灰岩,泥晶灰岩,岩性
泥晶白云岩,泥晶白云岩,岩性
泥晶白云质灰岩,泥晶白云质灰岩,岩性
泥晶石灰岩,泥晶石灰岩,岩性
泥灰岩,泥灰岩,岩性
泥质泥岩,泥质泥岩,岩性
泥质泥灰岩,泥质泥灰岩,岩性
泥质灰岩,泥质灰岩,岩性
泥质白云岩,泥质白云岩,岩性
泥质白云质灰岩,泥质白云质灰岩,岩性
泥质盐岩,泥质盐岩,岩性
泥质石灰岩,泥质石灰岩,岩性
泥质砂岩,泥质砂岩,岩性
泥质砾岩,泥质砾岩,岩性
泥质粉砂岩,泥质粉砂岩,岩性
泥质角砾岩,泥质角砾岩,岩性
泥质页岩,泥质页岩,岩性
流纹岩,流纹岩,岩性
混合岩,混合岩,岩性
火山碎屑岩,火山碎屑岩,岩性
火山角砾岩,火山角砾岩,岩性
火山集块岩,火山集块岩,岩性
灰岩,灰岩,岩性
灰质泥岩,灰质泥岩,岩性
灰质砂岩,灰质砂岩,岩性
灰质砾岩,灰质砾岩,岩性
灰质粉砂岩,灰质粉砂岩,岩性
灰质角砾岩,灰质角砾岩,岩性
灰质页岩,灰质页岩,岩性
炭质泥岩,炭质泥岩,岩性
炭质砂岩,炭质砂岩,岩性
炭质砾岩,炭质砾岩,岩性
炭质粉砂岩,炭质粉砂岩,岩性
炭质角砾岩,炭质角砾岩,岩性
炭质页岩,炭质页岩,岩性
煌斑岩,煌斑岩,岩性
熔结凝灰岩,熔结凝灰岩,岩性
片岩,片岩,岩性
片麻岩,片麻岩,岩性
玄武岩,玄武岩,岩性
玄武岩脉,玄武岩脉,岩性
玻屑凝灰岩,玻屑凝灰岩,岩性
生物碎屑泥灰岩,生物碎屑泥灰岩,岩性
生物碎屑灰岩,生物碎屑灰岩,岩性
生物碎屑白云岩,生物碎屑白云岩,岩性
生物碎屑白云质灰岩,生物碎屑白云质灰岩,岩性
生物碎屑石灰岩,生物碎屑石灰岩,岩性
白云岩,白云岩,岩性
白云母安山岩,白云母安山岩,岩性
白云母流纹岩,白云母流纹岩,岩性
白云母玄武岩,白云母玄武岩,岩性
白云母花岗岩,白云母花岗岩,岩性
白云母辉绿岩,白云母辉绿岩,岩性
白云母辉长岩,白云母辉长岩,岩性
白云母闪长岩,白云母闪长岩,岩性
白云质大理岩,白云质大理岩,岩性
白云质泥灰岩,白云质泥灰岩,岩性
白云质灰岩,白云质灰岩,岩性
白云质白云岩,白云质白云岩,岩性
白云质白云质灰岩,白云质白云质灰岩,岩性
白云质石灰岩,白云质石灰岩,岩性
盐岩,盐岩,岩性
眼球状千枚岩,眼球状千枚岩,岩性
眼球状大理岩,眼球状大理岩,岩性
眼球状板岩,眼球状板岩,岩性
眼球状片岩,眼球状片岩,岩性
眼球状片麻岩,眼球状片麻岩,岩性
眼球状石英岩,眼球状石英岩,岩性
眼球状糜棱岩,眼球状糜棱岩,岩性
石墨千枚岩,石墨千枚岩,岩性
石墨大理岩,石墨大理岩,岩性
石墨板岩,石墨板岩,岩性
石墨片岩,石墨片岩,岩性
石墨片麻岩,石墨片麻岩,岩性
石墨石英岩,石墨石英岩,岩性
石墨糜棱岩,石墨糜棱岩,岩性
石榴子石千枚岩,石榴子石千枚岩,岩性
石榴子石大理岩,石榴子石大理岩,岩性
石榴子石板岩,石榴子石板岩,岩性
石榴子石片岩,石榴子石片岩,岩性
石榴子石片麻岩,石榴子石片麻岩,岩性
石榴子石石英岩,石榴子石石英岩,岩性
石榴子石糜棱岩,石榴子石糜棱岩,岩性
石灰岩,石灰岩,岩性
石盐层,石盐层,岩性
石膏岩,石膏岩,岩性
石英二长岩,石英二长岩,岩性
石英二长闪长岩,石英二长闪长岩,岩性
石英岩,石英岩,岩性
石英正长岩,石英正长岩,岩性
石英片岩,石英片岩,岩性
石英片麻岩,石英片麻岩,岩性
石英砂岩,石英砂岩,岩性
石英脉,石英脉,岩性
石英质千枚岩,石英质千枚岩,岩性
石英质大理岩,石英质大理岩,岩性
石英质板岩,石英质板岩,岩性
石英质片岩,石英质片岩,岩性
石英质片麻岩,石英质片麻岩,岩性
石英质石英岩,石英质石英岩,岩性
石英质糜棱岩,石英质糜棱岩,岩性
石英闪长岩,石英闪长岩,岩性
砂卵石混合层,砂卵石混合层,岩性
砂岩,砂岩,岩性
砂岩与泥岩互层,砂岩与泥岩互层,岩性
砂岩与页岩互层,砂岩与页岩互层,岩性
砂岩夹泥岩,砂岩夹泥岩,岩性
砂岩夹页岩,砂岩夹页岩,岩性
砂砾卵石层,砂砾卵石层,岩性
砂砾岩,砂砾岩,岩性
砂质泥岩,砂质泥岩,岩性
砂质盐岩,砂质盐岩,岩性
砂质砂岩,砂质砂岩,岩性
砂质砾岩,砂质砾岩,岩性
砂质粉砂岩,砂质粉砂岩,岩性
砂质角砾岩,砂质角砾岩,岩性
砂质页岩,砂质页岩,岩性
砾岩,砾岩,岩性
砾质泥岩,砾质泥岩,岩性
砾质砂岩,砾质砂岩,岩性
砾质砾岩,砾质砾岩,岩性
砾质粉砂岩,砾质粉砂岩,岩性
砾质角砾岩,砾质角砾岩,岩性
砾质页岩,砾质页岩,岩性
硅质岩,硅质岩,岩性
硅质泥岩,硅质泥岩,岩性
硅质泥灰岩,硅质泥灰岩,岩性
硅质灰岩,硅质灰岩,岩性
硅质白云岩,硅质白云岩,岩性
硅质白云质灰岩,硅质白云质灰岩,岩性
硅质石灰岩,硅质石灰岩,岩性
硅质砂岩,硅质砂岩,岩性
硅质砾岩,硅质砾岩,岩性
硅质粉砂岩,硅质粉砂岩,岩性
硅质角砾岩,硅质角砾岩,岩性
硅质页岩,硅质页岩,岩性
硬岩,硬岩,岩性
硬石膏岩,硬石膏岩,岩性
碎裂化千枚岩,碎裂化千枚岩,岩性
碎裂化大理岩,碎裂化大理岩,岩性
碎裂化板岩,碎裂化板岩,岩性
碎裂化片岩,碎裂化片岩,岩性
碎裂化片麻岩,碎裂化片麻岩,岩性
碎裂化石英岩,碎裂化石英岩,岩性
碎裂化糜棱岩,碎裂化糜棱岩,岩性
碎裂岩,碎裂岩,岩性
碱性玄武岩,碱性玄武岩,岩性
碱性花岗岩,碱性花岗岩,岩性
碱长花岗岩,碱长花岗岩,岩性
碳酸岩,碳酸岩,岩性
礁灰岩,礁灰岩,岩性
粉砂岩,粉砂岩,岩性
粉砂岩与泥岩互层,粉砂岩与泥岩互层,岩性
粉砂岩与页岩互层,粉砂岩与页岩互层,岩性
粉砂岩夹泥岩,粉砂岩夹泥岩,岩性
粉砂岩夹页岩,粉砂岩夹页岩,岩性
粉砂质泥岩,粉砂质泥岩,岩性
粉砂质砂岩,粉砂质砂岩,岩性
粉砂质砾岩,粉砂质砾岩,岩性
粉砂质粉砂岩,粉砂质粉砂岩,岩性
粉砂质角砾岩,粉砂质角砾岩,岩性
粉砂质页岩,粉砂质页岩,岩性
粗粒安山岩,粗粒安山岩,岩性
粗粒流纹岩,粗粒流纹岩,岩性
粗粒玄武岩,粗粒玄武岩,岩性
粗粒花岗岩,粗粒花岗岩,岩性
粗粒辉绿岩,粗粒辉绿岩,岩性
粗粒辉长岩,粗粒辉长岩,岩性
粗粒闪长岩,粗粒闪长岩,岩性
粗面安山岩,粗面安山岩,岩性
粗面岩,粗面岩,岩性
糜棱化千枚岩,糜棱化千枚岩,岩性
糜棱化大理岩,糜棱化大理岩,岩性
糜棱化板岩,糜棱化板岩,岩性
糜棱化片岩,糜棱化片岩,岩性
糜棱化片麻岩,糜棱化片麻岩,岩性
糜棱化石英岩,糜棱化石英岩,岩性
糜棱化糜棱岩,糜棱化糜棱岩,岩性
糜棱岩,糜棱岩,岩性
纯橄榄岩,纯橄榄岩,岩性
细晶岩,细晶岩,岩性
细粒安山岩,细粒安山岩,岩性
细粒流纹岩,细粒流纹岩,岩性
细粒玄武岩,细粒玄武岩,岩性
细粒花岗岩,细粒花岗岩,岩性
细粒辉绿岩,细粒辉绿岩,岩性
细粒辉长岩,细粒辉长岩,岩性
细粒闪长岩,细粒闪长岩,岩性
绿片岩,绿片岩,岩性
致密安山岩,致密安山岩,岩性
致密流纹岩,致密流纹岩,岩性
致密玄武岩,致密玄武岩,岩性
致密花岗岩,致密花岗岩,岩性
致密辉绿岩,致密辉绿岩,岩性
致密辉长岩,致密辉长岩,岩性
致密闪长岩,致密闪长岩,岩性
芒硝层,芒硝层,岩性
花岗伟晶岩,花岗伟晶岩,岩性
花岗岩,花岗岩,岩性
花岗岩脉,花岗岩脉,岩性
花岗细晶岩,花岗细晶岩,岩性
花岗闪长岩,花岗闪长岩,岩性
苏长岩,苏长岩,岩性
英云闪长岩,英云闪长岩,岩性
英安岩,英安岩,岩性
蒸发岩,蒸发岩,岩性
蓝片岩,蓝片岩,岩性
薄层泥岩,薄层泥岩,岩性
薄层泥灰岩,薄层泥灰岩,岩性
薄层白云岩,薄层白云岩,岩性
薄层白云质灰岩,薄层白云质灰岩,岩性
薄层石灰岩,薄层石灰岩,岩性
薄层砂岩,薄层砂岩,岩性
薄层砾岩,薄层砾岩,岩性
薄层粉砂岩,薄层粉砂岩,岩性
薄层角砾岩,薄层角砾岩,岩性
薄层页岩,薄层页岩,岩性
藻灰岩,藻灰岩,岩性
角岩,角岩,岩性
角砾凝灰岩,角砾凝灰岩,岩性
角砾岩,角砾岩,岩性
角砾岩化岩,角砾岩化岩,岩性
角砾灰岩,角砾灰岩,岩性
角砾熔岩,角砾熔岩,岩性
角砾状泥灰岩,角砾状泥灰岩,岩性
角砾状白云岩,角砾状白云岩,岩性
角砾状白云质灰岩,角砾状白云质灰岩,岩性
角砾状石灰岩,角砾状石灰岩,岩性
角砾质泥岩,角砾质泥岩,岩性
角砾质砂岩,角砾质砂岩,岩性
角砾质砾岩,角砾质砾岩,岩性
角砾质粉砂岩,角砾质粉砂岩,岩性
角砾质角砾岩,角砾质角砾岩,岩性
角砾质页岩,角砾质页岩,岩性
角闪安山岩,角闪安山岩,岩性
角闪岩,角闪岩,岩性
角闪片岩,角闪片岩,岩性
角闪片麻岩,角闪片麻岩,岩性
角闪石安山岩,角闪石安山岩,岩性
角闪石流纹岩,角闪石流纹岩,岩性
角闪石玄武岩,角闪石玄武岩,岩性
角闪石花岗岩,角闪石花岗岩,岩性
角闪石辉绿岩,角闪石辉绿岩,岩性
角闪石辉长岩,角闪石辉长岩,岩性
角闪石闪长岩,角闪石闪长岩,岩性
辉石安山岩,辉石安山岩,岩性
辉石岩,辉石岩,岩性
辉石流纹岩,辉石流纹岩,岩性
辉石玄武岩,辉石玄武岩,岩性
辉石花岗岩,辉石花岗岩,岩性
辉石苏长岩,辉石苏长岩,岩性
辉石辉绿岩,辉石辉绿岩,岩性
辉石辉长岩,辉石辉长岩,岩性
辉石闪长岩,辉石闪长岩,岩性
辉绿岩,辉绿岩,岩性
辉绿岩脉,辉绿岩脉,岩性
辉长岩,辉长岩,岩性
钙质泥岩,钙质泥岩,岩性
钙质砂岩,钙质砂岩,岩性
钙质砾岩,钙质砾岩,岩性
钙质粉砂岩,钙质粉砂岩,岩性
钙质角砾岩,钙质角砾岩,岩性
钙质页岩,钙质页岩,岩性
钾长花岗岩,钾长花岗岩,岩性
铁质泥岩,铁质泥岩,岩性
铁质泥灰岩,铁质泥灰岩,岩性
铁质白云岩,铁质白云岩,岩性
铁质白云质灰岩,铁质白云质灰岩,岩性
铁质石灰岩,铁质石灰岩,岩性
铁质砂岩,铁质砂岩,岩性
铁质砾岩,铁质砾岩,岩性
铁质粉砂岩,铁质粉砂岩,岩性
铁质角砾岩,铁质角砾岩,岩性
铁质页岩,铁质页岩,岩性
长石砂岩,长石砂岩,岩性
闪长岩,闪长岩,岩性
霞石苏长岩,霞石苏长岩,岩性
页岩,页岩,岩性
颗粒灰岩,颗粒灰岩,岩性
鲕粒泥灰岩,鲕粒泥灰岩,岩性
鲕粒灰岩,鲕粒灰岩,岩性
鲕粒白云岩,鲕粒白云岩,岩性
鲕粒白云质灰岩,鲕粒白云质灰岩,岩性
鲕粒石灰岩,鲕粒石灰岩,岩性
麻粒岩,麻粒岩,岩性
黑云母安山岩,黑云母安山岩,岩性
黑云母流纹岩,黑云母流纹岩,岩性
黑云母片麻岩,黑云母片麻岩,岩性
黑云母玄武岩,黑云母玄武岩,岩性
黑云母花岗岩,黑云母花岗岩,岩性
黑云母辉绿岩,黑云母辉绿岩,岩性
黑云母辉长岩,黑云母辉长岩,岩性
黑云母闪长岩,黑云母闪长岩,岩性
中低风险岩溶水丰富,中低风险岩溶水丰富,岩溶地貌
中型断层段落岩溶水丰富,中型断层段落岩溶水丰富,岩溶地貌
中等完整岩溶水丰富,中等完整岩溶水丰富,岩溶地貌
中等破碎岩溶水丰富,中等破碎岩溶水丰富,岩溶地貌
充填溶洞,充填溶洞,岩溶地貌
溶洞充填,充填溶洞,岩溶地貌
半充填溶洞,半充填溶洞,岩溶地貌
地下河,地下河,岩溶地貌
天坑,天坑,岩溶地貌
岩溶,岩溶,岩溶地貌
岩溶含水层,岩溶含水层,岩溶地貌
岩溶塌陷,岩溶塌陷,岩溶地貌
岩溶塌陷区,岩溶塌陷区,岩溶地貌
岩溶带,岩溶带,岩溶地貌
岩溶水,岩溶水,岩溶地貌
岩溶洞穴,岩溶洞穴,岩溶地貌
岩溶漏斗,岩溶漏斗,岩溶地貌
峰丛,峰丛,岩溶地貌
峰林,峰林,岩溶地貌
暗河,暗河,岩溶地貌
未充填溶洞,未充填溶洞,岩溶地貌
溶丘,溶丘,岩溶地貌
溶孔,溶孔,岩溶地貌
溶槽,溶槽,岩溶地貌
溶沟,溶沟,岩溶地貌
溶洞,溶洞,岩溶地貌
溶洞群,溶洞群,岩溶地貌
溶管,溶管,岩溶地貌
溶蚀洼地,溶蚀洼地,岩溶地貌
溶蚀管道,溶蚀管道,岩溶地貌
溶蚀裂隙,溶蚀裂隙,岩溶地貌
溶隙,溶隙,岩溶地貌
落水洞,落水洞,岩溶地貌
不整合面,不整合面,构造与结构面
中低风险裂隙水丰富,中低风险裂隙水丰富,构造与结构面
中型断层段落,中型断层段落,构造与结构面
中型断层段落区段,中型断层段落区段,构造与结构面
中型断层段落区间,中型断层段落区间,构造与结构面
中型断层段落含砂浑水,中型断层段落含砂浑水,构造与结构面
中型断层段落带泥浑水,中型断层段落带泥浑水,构造与结构面
中型断层段落松散,中型断层段落松散,构造与结构面
中型断层段落段,中型断层段落段,构造与结构面
中型断层段落段落,中型断层段落段落,构造与结构面
中型断层段落水压中等,中型断层段落水压中等,构造与结构面
中型断层段落水压低,中型断层段落水压低,构造与结构面
中型断层段落水压高,中型断层段落水压高,构造与结构面
中型断层段落涌水量中等,中型断层段落涌水量中等,构造与结构面
中型断层段落涌水量大,中型断层段落涌水量大,构造与结构面
中型断层段落涌水量小,中型断层段落涌水量小,构造与结构面
中型断层段落碎裂,中型断层段落碎裂,构造与结构面
中型断层段落突涌泥水,中型断层段落突涌泥水,构造与结构面
中型断层段落糜棱化,中型断层段落糜棱化,构造与结构面
中型断层段落股状出水,中型断层段落股状出水,构造与结构面
中型断层段落裂隙水丰富,中型断层段落裂隙水丰富,构造与结构面
中型断层段落角砾化,中型断层段落角砾化,构造与结构面
中型断层段落返水带泥,中型断层段落返水带泥,构造与结构面
中型断层段落返水带砂,中型断层段落返水带砂,构造与结构面
中型断层段落部位,中型断层段落部位,构造与结构面
中等完整剪切裂隙,中等完整剪切裂隙,构造与结构面
中等完整张开裂隙,中等完整张开裂隙,构造与结构面
中等完整裂隙不贯通,中等完整裂隙不贯通,构造与结构面
中等完整裂隙水丰富,中等完整裂隙水丰富,构造与结构面
中等完整裂隙贯通,中等完整裂隙贯通,构造与结构面
中等完整闭合裂隙,中等完整闭合裂隙,构造与结构面
中等富水中型断层段落,中等富水中型断层段落,构造与结构面
中等富水剪切带,中等富水剪切带,构造与结构面
中等富水剪切裂隙,中等富水剪切裂隙,构造与结构面
中等富水大型断裂带,中等富水大型断裂带,构造与结构面
中等富水富水破碎带,中等富水富水破碎带,构造与结构面
中等富水小型断层段落,中等富水小型断层段落,构造与结构面
中等富水层间破碎带,中等富水层间破碎带,构造与结构面
中等富水张开裂隙,中等富水张开裂隙,构造与结构面
中等富水断层泥厚,中等富水断层泥厚,构造与结构面
中等富水断层泥质夹层,中等富水断层泥质夹层,构造与结构面
中等富水断层破碎带,中等富水断层破碎带,构造与结构面
中等富水构造破碎带,中等富水构造破碎带,构造与结构面
中等富水裂隙不贯通,中等富水裂隙不贯通,构造与结构面
中等富水裂隙贯通,中等富水裂隙贯通,构造与结构面
中等富水褶皱破碎带,中等富水褶皱破碎带,构造与结构面
中等富水软弱夹层,中等富水软弱夹层,构造与结构面
中等富水闭合裂隙,中等富水闭合裂隙,构造与结构面
中等破碎剪切裂隙,中等破碎剪切裂隙,构造与结构面
中等破碎带泥浑水,中等破碎带泥浑水,构造与结构面
中等破碎张开裂隙,中等破碎张开裂隙,构造与结构面
侵入接触带,侵入接触带,构造与结构面
倾滑断层,倾滑断层,构造与结构面
剪切带,剪切带,构造与结构面
剪切破碎带,剪切破碎带,构造与结构面
压碎带,压碎带,构造与结构面
向斜,向斜,构造与结构面
夹层带,夹层带,构造与结构面
夹泥层,夹泥层,构造与结构面
夹砂层,夹砂层,构造与结构面
富水破碎带,富水破碎带,构造与结构面
导水构造,导水构造,构造与结构面
导水裂隙,导水裂隙,构造与结构面
小型断层段落,小型断层段落,构造与结构面
局部节理发育段,局部节理发育段,构造与结构面
岩体接触带,岩体接触带,构造与结构面
挤压破碎带,挤压破碎带,构造与结构面
擦痕面,擦痕面,构造与结构面
断层,断层,构造与结构面
断层岩,断层岩,构造与结构面
断层带,断层带,构造与结构面
断层泥,断层泥,构造与结构面
断层泥质,断层泥,构造与结构面
断层黏土,断层泥,构造与结构面
断层泥带,断层泥带,构造与结构面
断层破碎带,断层破碎带,构造与结构面
断层破裂岩,断层破裂岩,构造与结构面
断层碎块岩,断层碎块岩,构造与结构面
断层角砾,断层角砾,构造与结构面
断层角砾岩,断层角砾岩,构造与结构面
断层角砾带,断层角砾带,构造与结构面
断层镜面,断层镜面,构造与结构面
断裂,断裂,构造与结构面
断裂带,断裂带,构造与结构面
断裂破碎带,断裂破碎带,构造与结构面
构造破碎带,构造破碎带,构造与结构面
构造碎裂岩,构造碎裂岩,构造与结构面
正断层,正断层,构造与结构面
泥质夹层,泥质夹层,构造与结构面
滑动面,滑动面,构造与结构面
炭质夹层,炭质夹层,构造与结构面
破碎带,破碎带,构造与结构面
背斜,背斜,构造与结构面
节理组,节理组,构造与结构面
裂隙带,裂隙带,构造与结构面
裂隙网络,裂隙网络,构造与结构面
褶皱,褶皱,构造与结构面
褶皱带,褶皱带,构造与结构面
走滑断层,走滑断层,构造与结构面
软弱夹层,软弱夹层,构造与结构面
软弱夹层段,软弱夹层,构造与结构面
软弱夹层带,软弱夹层带,构造与结构面
逆断层,逆断层,构造与结构面
上层滞水,上层滞水,水文地质
含水层,含水层,水文地质
地下水,地下水,水文地质
地下水位,地下水位,水文地质
孔隙含水层,孔隙含水层,水文地质
孔隙水,孔隙水,水文地质
导水通道,导水通道,水文地质
弱透水层,弱透水层,水文地质
径流区,径流区,水文地质
承压水,承压水,水文地质
排泄区,排泄区,水文地质
水位埋深,水位埋深,水文地质
涌水通道,涌水通道,水文地质
渗流通道,渗流通道,水文地质
潜水,潜水,水文地质
补给区,补给区,水文地质
裂隙含水层,裂隙含水层,水文地质
裂隙水,裂隙水,水文地质
透水层,透水层,水文地质
隔水层,隔水层,水文地质
围岩,围岩,通用地质名词
地层,地层,通用地质名词
岩层,岩层,通用地质名词
构造带,构造带,通用地质名词
淤泥质粉质粘土,淤泥质粉质黏土,土与第四纪堆积
淤泥质粘土,淤泥质黏土,土与第四纪堆积
砂质粘土,砂质黏土,土与第四纪堆积
砾质粘土,砾质黏土,土与第四纪堆积
粉砂质粘土,粉砂质黏土,土与第四纪堆积
粉质粘土,粉质黏土,土与第四纪堆积
红粘土,红黏土,土与第四纪堆积
粘土,黏土,土与第四纪堆积
断层粘土,断层黏土,构造与结构面
含沙地层,含砂地层,不良地质体
流沙层,流砂层,不良地质体
中低风险返水带沙,中低风险返水带砂,土与第四纪堆积
中沙,中砂,土与第四纪堆积
中等完整返水带沙,中等完整返水带砂,土与第四纪堆积
中粗沙,中粗砂,土与第四纪堆积
沙卵石层,砂卵石层,土与第四纪堆积
沙砾,砂砾,土与第四纪堆积
沙砾层,砂砾层,土与第四纪堆积
沙质粉土,砂质粉土,土与第四纪堆积
沙质黏土,砂质黏土,土与第四纪堆积
砾沙,砾砂,土与第四纪堆积
粉沙质粉土,粉砂质粉土,土与第四纪堆积
粉沙质黏土,粉砂质黏土,土与第四纪堆积
粉细沙,粉细砂,土与第四纪堆积
粗沙,粗砂,土与第四纪堆积
细沙,细砂,土与第四纪堆积
中低风险含沙浑水,中低风险含砂浑水,岩性
中等完整含沙浑水,中等完整含砂浑水,岩性
中等富水变质沙岩,中等富水变质砂岩,岩性
中等富水泥质沙岩,中等富水泥质砂岩,岩性
中等富水沙岩,中等富水砂岩,岩性
中等富水沙砾岩,中等富水砂砾岩,岩性
中等富水沙质泥岩,中等富水砂质泥岩,岩性
中等富水粉沙岩,中等富水粉砂岩,岩性
中等破碎含沙浑水,中等破碎含砂浑水,岩性
互层沙岩,互层砂岩,岩性
互层粉沙岩,互层粉砂岩,岩性
凝灰质沙岩,凝灰质砂岩,岩性
凝灰质粉沙岩,凝灰质粉砂岩,岩性
千枚岩与变质沙岩互层,千枚岩与变质砂岩互层,岩性
千枚岩夹变质沙岩,千枚岩夹变质砂岩,岩性
厚层沙岩,厚层砂岩,岩性
厚层粉沙岩,厚层粉砂岩,岩性
变质沙岩,变质砂岩,岩性
变质粉沙岩,变质粉砂岩,岩性
含泥沙岩,含泥砂岩,岩性
含泥粉沙岩,含泥粉砂岩,岩性
含煤沙岩,含煤砂岩,岩性
含沙泥岩,含砂泥岩,岩性
含沙沙岩,含砂砂岩,岩性
含沙砾岩,含砂砾岩,岩性
含沙粉沙岩,含砂粉砂岩,岩性
含沙角砾岩,含砂角砾岩,岩性
含沙页岩,含砂页岩,岩性
含砾沙岩,含砾砂岩,岩性
含砾粉沙岩,含砾粉砂岩,岩性
岩屑沙岩,岩屑砂岩,岩性
杂沙岩,杂砂岩,岩性
板岩与变质沙岩互层,板岩与变质砂岩互层,岩性
板岩夹变质沙岩,板岩夹变质砂岩,岩性
泥质沙岩,泥质砂岩,岩性
泥质粉沙岩,泥质粉砂岩,岩性
灰质沙岩,灰质砂岩,岩性
灰质粉沙岩,灰质粉砂岩,岩性
炭质沙岩,炭质砂岩,岩性
炭质粉沙岩,炭质粉砂岩,岩性
石英沙岩,石英砂岩,岩性
沙卵石混合层,砂卵石混合层,岩性
沙岩与泥岩互层,砂岩与泥岩互层,岩性
沙岩与页岩互层,砂岩与页岩互层,岩性
沙岩夹泥岩,砂岩夹泥岩,岩性
沙岩夹页岩,砂岩夹页岩,岩性
沙砾卵石层,砂砾卵石层,岩性
沙砾岩,砂砾岩,岩性
沙质泥岩,砂质泥岩,岩性
沙质盐岩,砂质盐岩,岩性
沙质沙岩,砂质砂岩,岩性
沙质砾岩,砂质砾岩,岩性
沙质粉沙岩,砂质粉砂岩,岩性
沙质角砾岩,砂质角砾岩,岩性
沙质页岩,砂质页岩,岩性
砾质沙岩,砾质砂岩,岩性
砾质粉沙岩,砾质粉砂岩,岩性
硅质沙岩,硅质砂岩,岩性
硅质粉沙岩,硅质粉砂岩,岩性
粉沙岩,粉砂岩,岩性
粉沙岩与泥岩互层,粉砂岩与泥岩互层,岩性
粉沙岩与页岩互层,粉砂岩与页岩互层,岩性
粉沙岩夹泥岩,粉砂岩夹泥岩,岩性
粉沙岩夹页岩,粉砂岩夹页岩,岩性
粉沙质泥岩,粉砂质泥岩,岩性
粉沙质沙岩,粉砂质砂岩,岩性
粉沙质砾岩,粉砂质砾岩,岩性
粉沙质粉沙岩,粉砂质粉砂岩,岩性
粉沙质角砾岩,粉砂质角砾岩,岩性
粉沙质页岩,粉砂质页岩,岩性
薄层沙岩,薄层砂岩,岩性
薄层粉沙岩,薄层粉砂岩,岩性
角砾质沙岩,角砾质砂岩,岩性
角砾质粉沙岩,角砾质粉砂岩,岩性
钙质沙岩,钙质砂岩,岩性
钙质粉沙岩,钙质粉砂岩,岩性
铁质沙岩,铁质砂岩,岩性
铁质粉沙岩,铁质粉砂岩,岩性
长石沙岩,长石砂岩,岩性
中型断层段落含沙浑水,中型断层段落含砂浑水,构造与结构面
中型断层段落返水带沙,中型断层段落返水带砂,构造与结构面
夹沙层,夹砂层,构造与结构面
喀斯特,岩溶,岩溶地貌
喀斯特地貌,岩溶,岩溶地貌
喀斯特区,岩溶带,岩溶地貌
石灰石,石灰岩,岩性
白云石,白云岩,岩性
灰白云岩,白云质灰岩,岩性
石炭—二叠系,石炭二叠系,地层时代
石炭-二叠系,石炭二叠系,地层时代
石炭～二叠系,石炭二叠系,地层时代
石炭~二叠系,石炭二叠系,地层时代
三叠—侏罗系,三叠侏罗系,地层时代
三叠-侏罗系,三叠侏罗系,地层时代
三叠～侏罗系,三叠侏罗系,地层时代
三叠~侏罗系,三叠侏罗系,地层时代
侏罗—白垩系,侏罗白垩系,地层时代
侏罗-白垩系,侏罗白垩系,地层时代
侏罗～白垩系,侏罗白垩系,地层时代
侏罗~白垩系,侏罗白垩系,地层时代
冲洪积物,冲洪积层,土与第四纪堆积
含水面,含水面,水文地质
固结断层岩,固结断层岩,构造与结构面
松散断层泥,松散断层泥,构造与结构面
倾伏向斜,倾伏向斜,构造与结构面
倾伏背斜,倾伏背斜,构造与结构面
冲沟堆积体,冲沟堆积体,通用地质名词
冻土区,冻土区,通用地质名词
剪切裂隙,剪切裂隙,构造与结构面
压性裂隙,压性裂隙,构造与结构面
压扭性断裂,压扭性断裂,构造与结构面
堆积体,堆积体,通用地质名词
多年冻土区,多年冻土区,通用地质名词
夹泥带,夹泥带,通用地质名词
夹盐层,夹盐层,通用地质名词
夹石膏层,夹石膏层,通用地质名词
夹砂带,夹砂带,通用地质名词
夹砾带,夹砾带,通用地质名词
层间滑移,层间滑移,构造与结构面
层间错动,层间错动,通用地质名词
岩脉群,岩脉群,岩性
巨砾层,巨砾层,通用地质名词
张性裂隙,张性裂隙,构造与结构面
张扭性断裂,张扭性断裂,构造与结构面
擦痕,擦痕,构造与结构面
断层拖曳褶皱,断层拖曳褶皱,构造与结构面
暗河通道,暗河通道,岩溶地貌
有害气体区,有害气体区,不良地质体
构造面,构造面,构造与结构面
残坡积体,残坡积体,土与第四纪堆积
瓦斯区,瓦斯区,不良地质体
结构面,结构面,通用地质名词
结构面产状,结构面产状,通用地质名词
结构面充填物,结构面充填物,通用地质名词
结构面张开度,结构面张开度,通用地质名词
结构面润滑,结构面润滑,通用地质名词
结构面粗糙度,结构面粗糙度,通用地质名词
结构面起伏度,结构面起伏度,通用地质名词
脉状构造,脉状构造,通用地质名词
节理倾向,节理倾向,构造与结构面
节理倾角,节理倾角,构造与结构面
节理延伸,节理延伸,构造与结构面
节理组数,节理组数,构造与结构面
节理走向,节理走向,构造与结构面
节理连续性,节理连续性,构造与结构面
节理间距,节理间距,构造与结构面
裂隙充填,裂隙充填,构造与结构面
裂隙脉,裂隙脉,构造与结构面
裂隙连通性,裂隙连通性,构造与结构面
褶皱核部,褶皱核部,构造与结构面
褶皱翼,褶皱翼,构造与结构面
褶皱轴,褶皱轴,构造与结构面
顺层滑移,顺层滑移,构造与结构面
冲刷破坏,冲刷破坏,通用地质名词
危岩,危岩,岩性
喷涌,喷涌,通用地质名词
围岩松动,围岩松动,岩性
夹泥,夹泥,通用地质名词
夹砂,夹砂,通用地质名词
夹砾,夹砾,通用地质名词
崩塌,崩塌,通用地质名词
淘刷破坏,淘刷破坏,通用地质名词
滑带,滑带,通用地质名词
滑带土,滑带土,通用地质名词
滑移面,滑移面,通用地质名词
落石,落石,岩性
蠕滑,蠕滑,通用地质名词
侧向补给,侧向补给,通用地质名词
冲刷,冲刷,通用地质名词
出水点,出水点,通用地质名词
含水性,含水性,水文地质
围岩涌水,围岩涌水,岩性
围岩渗水,围岩渗水,岩性
围岩滴水,围岩滴水,岩性
地下水位埋深,地下水位埋深,水文地质
地下水位波动,地下水位波动,水文地质
地下水径流,地下水径流,水文地质
地下水排泄,地下水排泄,水文地质
地下水补给,地下水补给,水文地质
地层透水性,地层透水性,通用地质名词
基岩裂隙水,基岩裂隙水,水文地质
堵水,堵水,通用地质名词
富水性,富水性,水文地质
导水性弱,导水性弱,水文地质
导水性强,导水性强,水文地质
岩体渗透性,岩体渗透性,岩性
径流,径流,通用地质名词
径流条件,径流条件,通用地质名词
承压含水层,承压含水层,水文地质
排泄,排泄,通用地质名词
排泄条件,排泄条件,通用地质名词
松散层孔隙水,松散层孔隙水,水文地质
水位下降,水位下降,水文地质
水位回升,水位回升,水文地质
水力传导,水力传导,通用地质名词
涌水量,涌水量,通用地质名词
淘刷,淘刷,通用地质名词
渗流,渗流,通用地质名词
渗流场,渗流场,通用地质名词
渗漏点,渗漏点,通用地质名词
渗透性弱,渗透性弱,通用地质名词
渗透性强,渗透性强,通用地质名词
渗透通道,渗透通道,通用地质名词
潜水含水层,潜水含水层,水文地质
相对隔水层,相对隔水层,通用地质名词
线渗,线渗,通用地质名词
补给,补给,通用地质名词
补给条件,补给条件,通用地质名词
裂隙导水性,裂隙导水性,水文地质
越流补给,越流补给,通用地质名词
透水性弱,透水性弱,通用地质名词
透水性强,透水性强,通用地质名词
降雨入渗,降雨入渗,通用地质名词
集中排泄,集中排泄,通用地质名词
面渗,面渗,通用地质名词
不等粒二长岩,二长岩,岩性
不等粒伟晶岩,伟晶岩,岩性
不等粒凝灰熔岩,凝灰熔岩,岩性
不等粒凝灰角砾岩,凝灰角砾岩,岩性
不等粒大理岩,大理岩,岩性
不等粒安山岩,安山岩,岩性
不等粒橄榄辉长岩,橄榄辉长岩,岩性
不等粒正长岩,正长岩,岩性
不等粒正长花岗岩,正长花岗岩,岩性
不等粒泥岩,泥岩,岩性
不等粒流纹岩,流纹岩,岩性
不等粒火山角砾岩,火山角砾岩,岩性
不等粒火山集块岩,火山集块岩,岩性
不等粒灰岩,灰岩,岩性
不等粒熔结凝灰岩,熔结凝灰岩,岩性
不等粒片岩,片岩,岩性
不等粒玄武岩,玄武岩,岩性
不等粒玄武岩脉,玄武岩脉,岩性
不等粒玻基安山岩,玻基安山岩,岩性
不等粒白云岩,白云岩,岩性
不等粒白云质灰岩,白云质灰岩,岩性
不等粒石灰岩,石灰岩,岩性
不等粒石英斑岩,石英斑岩,岩性
不等粒石英正长岩,石英正长岩,岩性
不等粒砾岩,砾岩,岩性
不等粒碱性玄武岩,碱性玄武岩,岩性
不等粒纯橄榄岩,纯橄榄岩,岩性
不等粒花岗伟晶岩,花岗伟晶岩,岩性
不等粒花岗斑岩,花岗斑岩,岩性
不等粒花岗细晶岩,花岗细晶岩,岩性
不等粒花岗闪长岩,花岗闪长岩,岩性
不等粒苏长岩,苏长岩,岩性
不等粒角砾凝灰岩,角砾凝灰岩,岩性
不等粒角砾岩,角砾岩,岩性
不等粒角砾熔岩,角砾熔岩,岩性
不等粒角闪安山岩,角闪安山岩,岩性
不等粒角闪岩,角闪岩,岩性
不等粒辉石安山岩,辉石安山岩,岩性
不等粒辉绿岩,辉绿岩,岩性
不等粒辉绿岩脉,辉绿岩脉,岩性
不等粒辉长岩,辉长岩,岩性
不等粒辉长岩脉,辉长岩脉,岩性
不等粒霞石正长岩,霞石正长岩,岩性
二长安山岩,二长安山岩,岩性
二长正长岩,二长正长岩,岩性
二长流纹岩,二长流纹岩,岩性
二长玄武岩,二长玄武岩,岩性
二长辉绿岩,二长辉绿岩,岩性
二长辉长岩,二长辉长岩,岩性
互层泥灰岩,互层泥灰岩,岩性
互层灰岩,互层灰岩,岩性
互层白云岩,互层白云岩,岩性
互层白云质灰岩,互层白云质灰岩,岩性
互层石灰岩,互层石灰岩,岩性
交错层理砂岩,砂岩,岩性
交错层理砾岩,砾岩,岩性
交错层理粉砂岩,粉砂岩,岩性
交错层理角砾岩,角砾岩,岩性
交错层理页岩,页岩,岩性
似斑状二长岩,二长岩,岩性
似斑状二长花岗岩,二长花岗岩,岩性
似斑状二长闪长岩,二长闪长岩,岩性
似斑状伟晶岩,伟晶岩,岩性
似斑状凝灰岩,凝灰岩,岩性
似斑状凝灰角砾岩,凝灰角砾岩,岩性
似斑状千枚岩,千枚岩,岩性
似斑状响岩,响岩,岩性
似斑状大理岩,大理岩,岩性
似斑状拉斑玄武岩,拉斑玄武岩,岩性
似斑状斑岩,斑岩,岩性
似斑状方辉橄榄岩,方辉橄榄岩,岩性
似斑状晶屑凝灰岩,晶屑凝灰岩,岩性
似斑状板岩,板岩,岩性
似斑状橄榄岩,橄榄岩,岩性
似斑状橄榄玄武岩,橄榄玄武岩,岩性
似斑状正长岩,正长岩,岩性
似斑状泡沫熔岩,泡沫熔岩,岩性
似斑状泥岩,泥岩,岩性
似斑状泥灰岩,泥灰岩,岩性
似斑状火山角砾岩,火山角砾岩,岩性
似斑状灰岩,灰岩,岩性
似斑状煌斑岩,煌斑岩,岩性
似斑状熔结凝灰岩,熔结凝灰岩,岩性
似斑状片岩,片岩,岩性
似斑状玄武岩脉,玄武岩脉,岩性
似斑状玻基安山岩,玻基安山岩,岩性
似斑状白云质灰岩,白云质灰岩,岩性
似斑状石灰岩,石灰岩,岩性
似斑状石英岩,石英岩,岩性
似斑状石英斑岩,石英斑岩,岩性
似斑状砂岩,砂岩,岩性
似斑状粗面岩,粗面岩,岩性
似斑状糜棱岩,糜棱岩,岩性
似斑状纯橄榄岩,纯橄榄岩,岩性
似斑状细晶岩,细晶岩,岩性
似斑状花岗伟晶岩,花岗伟晶岩,岩性
似斑状花岗斑岩,花岗斑岩,岩性
似斑状花岗闪长岩,花岗闪长岩,岩性
似斑状苏长岩,苏长岩,岩性
似斑状英云闪长岩,英云闪长岩,岩性
似斑状英安岩,英安岩,岩性
似斑状蛇纹岩,蛇纹岩,岩性
似斑状角砾凝灰岩,角砾凝灰岩,岩性
似斑状角砾岩,角砾岩,岩性
似斑状角闪岩,角闪岩,岩性
似斑状辉石岩,辉石岩,岩性
似斑状辉石苏长岩,辉石苏长岩,岩性
似斑状辉绿岩脉,辉绿岩脉,岩性
似斑状辉绿斑岩,辉绿斑岩,岩性
似斑状辉长岩脉,辉长岩脉,岩性
似斑状金伯利岩,金伯利岩,岩性
似斑状钾长花岗岩,钾长花岗岩,岩性
似斑状闪长斑岩,闪长斑岩,岩性
似斑状闪长玢岩,闪长玢岩,岩性
似斑状集块岩,集块岩,岩性
似斑状霞石正长岩,霞石正长岩,岩性
似斑状霞石闪长岩,霞石闪长岩,岩性
似斑状页岩,页岩,岩性
凝灰质岩,凝灰质岩,岩性
含橄榄石二长岩,含橄榄石二长岩,岩性
含橄榄石二长花岗岩,岗岩,岩性
含橄榄石二长闪长岩,长岩,岩性
含橄榄石伟晶岩,含橄榄石伟晶岩,岩性
含橄榄石凝灰岩,含橄榄石凝灰岩,岩性
含橄榄石凝灰熔岩,含橄榄石凝灰熔岩,岩性
含橄榄石响岩,含橄榄石响岩,岩性
含橄榄石安山岩,含橄榄石安山岩,岩性
含橄榄石岩屑凝灰岩,灰岩,岩性
含橄榄石斑岩,含橄榄石斑岩,岩性
含橄榄石斜长花岗岩,岗岩,岩性
含橄榄石晶屑凝灰岩,灰岩,岩性
含橄榄石橄榄岩,含橄榄石橄榄岩,岩性
含橄榄石橄榄玄武岩,武岩,岩性
含橄榄石正长岩,含橄榄石正长岩,岩性
含橄榄石泡沫熔岩,含橄榄石泡沫熔岩,岩性
含橄榄石流纹岩,含橄榄石流纹岩,岩性
含橄榄石火山碎屑岩,屑岩,岩性
含橄榄石火山角砾岩,砾岩,岩性
含橄榄石煌斑岩,含橄榄石煌斑岩,岩性
含橄榄石玄武岩,含橄榄石玄武岩,岩性
含橄榄石玻基安山岩,山岩,岩性
含橄榄石石英斑岩,含橄榄石石英斑岩,岩性
含橄榄石石英闪长岩,长岩,岩性
含橄榄石碱性玄武岩,武岩,岩性
含橄榄石碱性花岗岩,岗岩,岩性
含橄榄石碱长花岗岩,岗岩,岩性
含橄榄石粗面岩,含橄榄石粗面岩,岩性
含橄榄石纯橄榄岩,含橄榄石纯橄榄岩,岩性
含橄榄石细晶岩,含橄榄石细晶岩,岩性
含橄榄石花岗伟晶岩,晶岩,岩性
含橄榄石花岗岩,含橄榄石花岗岩,岩性
含橄榄石花岗斑岩,含橄榄石花岗斑岩,岩性
含橄榄石花岗细晶岩,晶岩,岩性
含橄榄石花岗闪长岩,长岩,岩性
含橄榄石英云闪长岩,长岩,岩性
含橄榄石英安岩,含橄榄石英安岩,岩性
含橄榄石蛇纹岩,含橄榄石蛇纹岩,岩性
含橄榄石角闪安山岩,山岩,岩性
含橄榄石辉石安山岩,山岩,岩性
含橄榄石辉石岩,含橄榄石辉石岩,岩性
含橄榄石辉绿岩,含橄榄石辉绿岩,岩性
含橄榄石辉绿岩脉,含橄榄石辉绿岩脉,岩性
含橄榄石辉绿斑岩,含橄榄石辉绿斑岩,岩性
含橄榄石辉长岩,含橄榄石辉长岩,岩性
含橄榄石闪长岩,含橄榄石闪长岩,岩性
含橄榄石闪长斑岩,含橄榄石闪长斑岩,岩性
含橄榄石闪长玢岩,含橄榄石闪长玢岩,岩性
含橄榄石集块岩,含橄榄石集块岩,岩性
含橄榄石霞石闪长岩,长岩,岩性
含泥泥灰岩,含泥泥灰岩,岩性
含泥灰岩,含泥灰岩,岩性
含泥白云岩,含泥白云岩,岩性
含泥白云质灰岩,含泥白云质灰岩,岩性
含泥石灰岩,含泥石灰岩,岩性
含白云母二辉橄榄岩,榄岩,岩性
含白云母二长闪长岩,长岩,岩性
含白云母凝灰岩,含白云母凝灰岩,岩性
含白云母斜长花岗岩,岗岩,岩性
含白云母晶屑凝灰岩,灰岩,岩性
含白云母橄榄玄武岩,武岩,岩性
含白云母橄榄辉长岩,长岩,岩性
含白云母正长花岗岩,岗岩,岩性
含白云母泡沫熔岩,含白云母泡沫熔岩,岩性
含白云母流纹岩,含白云母流纹岩,岩性
含白云母火山碎屑岩,屑岩,岩性
含白云母火山集块岩,块岩,岩性
含白云母玄武岩,含白云母玄武岩,岩性
含白云母玄武岩脉,含白云母玄武岩脉,岩性
含白云母玻基安山岩,山岩,岩性
含白云母石英斑岩,含白云母石英斑岩,岩性
含白云母石英正长岩,长岩,岩性
含白云母碱性花岗岩,岗岩,岩性
含白云母碱长花岗岩,岗岩,岩性
含白云母粗面安山岩,山岩,岩性
含白云母粗面岩,含白云母粗面岩,岩性
含白云母花岗伟晶岩,晶岩,岩性
含白云母英云闪长岩,长岩,岩性
含白云母英安岩,含白云母英安岩,岩性
含白云母角闪安山岩,山岩,岩性
含白云母角闪岩,含白云母角闪岩,岩性
含白云母辉石安山岩,山岩,岩性
含白云母辉石苏长岩,长岩,岩性
含白云母辉绿岩,含白云母辉绿岩,岩性
含白云母辉长岩脉,含白云母辉长岩脉,岩性
含白云母闪长玢岩,含白云母闪长玢岩,岩性
含白云母霞石闪长岩,长岩,岩性
含白云母麻粒岩,含白云母麻粒岩,岩性
含石墨二长岩,含石墨二长岩,岩性
含石墨伟晶岩,含石墨伟晶岩,岩性
含石墨响岩,含石墨响岩,岩性
含石墨安山岩,含石墨安山岩,岩性
含石墨岩屑凝灰岩,含石墨岩屑凝灰岩,岩性
含石墨方辉橄榄岩,含石墨方辉橄榄岩,岩性
含石墨晶屑凝灰岩,含石墨晶屑凝灰岩,岩性
含石墨橄榄岩,含石墨橄榄岩,岩性
含石墨橄榄玄武岩,含石墨橄榄玄武岩,岩性
含石墨橄榄辉长岩,含石墨橄榄辉长岩,岩性
含石墨正长岩,含石墨正长岩,岩性
含石墨泡沫熔岩,含石墨泡沫熔岩,岩性
含石墨火山碎屑岩,含石墨火山碎屑岩,岩性
含石墨火山角砾岩,含石墨火山角砾岩,岩性
含石墨煌斑岩,含石墨煌斑岩,岩性
含石墨熔结凝灰岩,含石墨熔结凝灰岩,岩性
含石墨玄武岩,含石墨玄武岩,岩性
含石墨玄武岩脉,含石墨玄武岩脉,岩性
含石墨玻基安山岩,含石墨玻基安山岩,岩性
含石墨玻基玄武岩,含石墨玻基玄武岩,岩性
含石墨石英斑岩,含石墨石英斑岩,岩性
含石墨石英正长岩,含石墨石英正长岩,岩性
含石墨石英闪长岩,含石墨石英闪长岩,岩性
含石墨碱性花岗岩,含石墨碱性花岗岩,岩性
含石墨粗面安山岩,含石墨粗面安山岩,岩性
含石墨花岗斑岩,含石墨花岗斑岩,岩性
含石墨苏长岩,含石墨苏长岩,岩性
含石墨角砾凝灰岩,含石墨角砾凝灰岩,岩性
含石墨角闪安山岩,含石墨角闪安山岩,岩性
含石墨角闪岩,含石墨角闪岩,岩性
含石墨辉石苏长岩,含石墨辉石苏长岩,岩性
含石墨辉绿岩,含石墨辉绿岩,岩性
含石墨辉长岩,含石墨辉长岩,岩性
含石墨辉长岩脉,含石墨辉长岩脉,岩性
含石墨金伯利岩,含石墨金伯利岩,岩性
含石墨闪长岩,含石墨闪长岩,岩性
含石墨闪长玢岩,含石墨闪长玢岩,岩性
含石墨霞石正长岩,含石墨霞石正长岩,岩性
含石榴子石二长花岗岩,花岗岩,岩性
含石榴子石二长闪长岩,闪长岩,岩性
含石榴子石凝灰岩,含石榴子石凝灰岩,岩性
含石榴子石凝灰熔岩,熔岩,岩性
含石榴子石响岩,含石榴子石响岩,岩性
含石榴子石岩屑凝灰岩,凝灰岩,岩性
含石榴子石方辉橄榄岩,橄榄岩,岩性
含石榴子石晶屑凝灰岩,凝灰岩,岩性
含石榴子石橄榄玄武岩,玄武岩,岩性
含石榴子石正长岩,含石榴子石正长岩,岩性
含石榴子石火山碎屑岩,碎屑岩,岩性
含石榴子石火山角砾岩,角砾岩,岩性
含石榴子石火山集块岩,集块岩,岩性
含石榴子石熔结凝灰岩,凝灰岩,岩性
含石榴子石玄武岩,含石榴子石玄武岩,岩性
含石榴子石玄武岩脉,岩脉,岩性
含石榴子石玻屑凝灰岩,凝灰岩,岩性
含石榴子石石英斑岩,斑岩,岩性
含石榴子石石英闪长岩,闪长岩,岩性
含石榴子石碱长花岗岩,花岗岩,岩性
含石榴子石粗面安山岩,安山岩,岩性
含石榴子石粗面岩,含石榴子石粗面岩,岩性
含石榴子石纯橄榄岩,榄岩,岩性
含石榴子石花岗伟晶岩,伟晶岩,岩性
含石榴子石花岗斑岩,斑岩,岩性
含石榴子石花岗细晶岩,细晶岩,岩性
含石榴子石花岗闪长岩,闪长岩,岩性
含石榴子石角砾凝灰岩,凝灰岩,岩性
含石榴子石角砾熔岩,熔岩,岩性
含石榴子石辉石岩,含石榴子石辉石岩,岩性
含石榴子石辉绿岩,含石榴子石辉绿岩,岩性
含石榴子石辉长岩,含石榴子石辉长岩,岩性
含石榴子石辉长岩脉,岩脉,岩性
含石榴子石金伯利岩,利岩,岩性
含石榴子石闪长岩,含石榴子石闪长岩,岩性
含石榴子石闪长玢岩,玢岩,岩性
含石榴子石霞石闪长岩,闪长岩,岩性
含石英二辉橄榄岩,含石英二辉橄榄岩,岩性
含石英二长岩,含石英二长岩,岩性
含石英二长花岗岩,含石英二长花岗岩,岩性
含石英伟晶岩,含石英伟晶岩,岩性
含石英凝灰岩,含石英凝灰岩,岩性
含石英响岩,含石英响岩,岩性
含石英拉斑玄武岩,含石英拉斑玄武岩,岩性
含石英斑岩,含石英斑岩,岩性
含石英斜长花岗岩,含石英斜长花岗岩,岩性
含石英方辉橄榄岩,含石英方辉橄榄岩,岩性
含石英晶屑凝灰岩,含石英晶屑凝灰岩,岩性
含石英橄榄岩,含石英橄榄岩,岩性
含石英橄榄玄武岩,含石英橄榄玄武岩,岩性
含石英橄榄辉长岩,含石英橄榄辉长岩,岩性
含石英正长岩,含石英正长岩,岩性
含石英火山角砾岩,含石英火山角砾岩,岩性
含石英火山集块岩,含石英火山集块岩,岩性
含石英煌斑岩,含石英煌斑岩,岩性
含石英玻基玄武岩,含石英玻基玄武岩,岩性
含石英玻屑凝灰岩,含石英玻屑凝灰岩,岩性
含石英石英斑岩,含石英石英斑岩,岩性
含石英碱性玄武岩,含石英碱性玄武岩,岩性
含石英碱长花岗岩,含石英碱长花岗岩,岩性
含石英粗面岩,含石英粗面岩,岩性
含石英纯橄榄岩,含石英纯橄榄岩,岩性
含石英细晶岩,含石英细晶岩,岩性
含石英花岗伟晶岩,含石英花岗伟晶岩,岩性
含石英花岗斑岩,含石英花岗斑岩,岩性
含石英花岗闪长岩,含石英花岗闪长岩,岩性
含石英英云闪长岩,含石英英云闪长岩,岩性
含石英英安岩,含石英英安岩,岩性
含石英蛇纹岩,含石英蛇纹岩,岩性
含石英角砾凝灰岩,含石英角砾凝灰岩,岩性
含石英角砾熔岩,含石英角砾熔岩,岩性
含石英角闪安山岩,含石英角闪安山岩,岩性
含石英角闪岩,含石英角闪岩,岩性
含石英辉石安山岩,含石英辉石安山岩,岩性
含石英辉石岩,含石英辉石岩,岩性
含石英辉绿岩脉,含石英辉绿岩脉,岩性
含石英辉绿斑岩,含石英辉绿斑岩,岩性
含石英闪长斑岩,含石英闪长斑岩,岩性
含石英闪长玢岩,含石英闪长玢岩,岩性
含石英集块岩,含石英集块岩,岩性
含石英霞石正长岩,含石英霞石正长岩,岩性
含石英霞石闪长岩,含石英霞石闪长岩,岩性
含砂泥灰岩,含砂泥灰岩,岩性
含砂灰岩,含砂灰岩,岩性
含砂白云岩,含砂白云岩,岩性
含砂白云质灰岩,含砂白云质灰岩,岩性
含砂石灰岩,含砂石灰岩,岩性
含砾泥灰岩,含砾泥灰岩,岩性
含砾灰岩,含砾灰岩,岩性
含砾白云岩,含砾白云岩,岩性
含砾白云质灰岩,含砾白云质灰岩,岩性
含砾石灰岩,含砾石灰岩,岩性
含绿帘石二长岩,含绿帘石二长岩,岩性
含绿帘石二长花岗岩,岗岩,岩性
含绿帘石凝灰熔岩,含绿帘石凝灰熔岩,岩性
含绿帘石凝灰角砾岩,砾岩,岩性
含绿帘石安山岩,含绿帘石安山岩,岩性
含绿帘石岩屑凝灰岩,灰岩,岩性
含绿帘石斜长花岗岩,岗岩,岩性
含绿帘石方辉橄榄岩,榄岩,岩性
含绿帘石正长岩,含绿帘石正长岩,岩性
含绿帘石正长花岗岩,岗岩,岩性
含绿帘石泡沫熔岩,含绿帘石泡沫熔岩,岩性
含绿帘石火山碎屑岩,屑岩,岩性
含绿帘石火山角砾岩,砾岩,岩性
含绿帘石煌斑岩,含绿帘石煌斑岩,岩性
含绿帘石玻基玄武岩,武岩,岩性
含绿帘石玻屑凝灰岩,灰岩,岩性
含绿帘石碱性花岗岩,岗岩,岩性
含绿帘石细晶岩,含绿帘石细晶岩,岩性
含绿帘石花岗岩,含绿帘石花岗岩,岩性
含绿帘石花岗斑岩,含绿帘石花岗斑岩,岩性
含绿帘石花岗闪长岩,长岩,岩性
含绿帘石英安岩,含绿帘石英安岩,岩性
含绿帘石角砾熔岩,含绿帘石角砾熔岩,岩性
含绿帘石角闪安山岩,山岩,岩性
含绿帘石辉长岩,含绿帘石辉长岩,岩性
含绿帘石金伯利岩,含绿帘石金伯利岩,岩性
含绿帘石钾长花岗岩,岗岩,岩性
含绿帘石霞石正长岩,长岩,岩性
含绿帘石麻粒岩,含绿帘石麻粒岩,岩性
含角砾泥岩,含角砾泥岩,岩性
含角砾砂岩,含角砾砂岩,岩性
含角砾砾岩,含角砾砾岩,岩性
含角砾粉砂岩,含角砾粉砂岩,岩性
含角砾角砾岩,含角砾角砾岩,岩性
含角砾页岩,含角砾页岩,岩性
含角闪石二长岩,含角闪石二长岩,岩性
含角闪石二长花岗岩,岗岩,岩性
含角闪石伟晶岩,含角闪石伟晶岩,岩性
含角闪石凝灰岩,含角闪石凝灰岩,岩性
含角闪石凝灰熔岩,含角闪石凝灰熔岩,岩性
含角闪石响岩,含角闪石响岩,岩性
含角闪石安山岩,含角闪石安山岩,岩性
含角闪石拉斑玄武岩,武岩,岩性
含角闪石斑岩,含角闪石斑岩,岩性
含角闪石方辉橄榄岩,榄岩,岩性
含角闪石晶屑凝灰岩,灰岩,岩性
含角闪石橄榄岩,含角闪石橄榄岩,岩性
含角闪石橄榄辉长岩,长岩,岩性
含角闪石正长岩,含角闪石正长岩,岩性
含角闪石正长花岗岩,岗岩,岩性
含角闪石流纹岩,含角闪石流纹岩,岩性
含角闪石火山碎屑岩,屑岩,岩性
含角闪石火山角砾岩,砾岩,岩性
含角闪石火山集块岩,块岩,岩性
含角闪石煌斑岩,含角闪石煌斑岩,岩性
含角闪石玄武岩,含角闪石玄武岩,岩性
含角闪石玻基安山岩,山岩,岩性
含角闪石玻基玄武岩,武岩,岩性
含角闪石玻屑凝灰岩,灰岩,岩性
含角闪石石英斑岩,含角闪石石英斑岩,岩性
含角闪石石英闪长岩,长岩,岩性
含角闪石碱性花岗岩,岗岩,岩性
含角闪石碱长花岗岩,岗岩,岩性
含角闪石粗面岩,含角闪石粗面岩,岩性
含角闪石花岗岩,含角闪石花岗岩,岩性
含角闪石花岗斑岩,含角闪石花岗斑岩,岩性
含角闪石花岗细晶岩,晶岩,岩性
含角闪石花岗闪长岩,长岩,岩性
含角闪石英云闪长岩,长岩,岩性
含角闪石英安岩,含角闪石英安岩,岩性
含角闪石蛇纹岩,含角闪石蛇纹岩,岩性
含角闪石角砾熔岩,含角闪石角砾熔岩,岩性
含角闪石角闪安山岩,山岩,岩性
含角闪石辉石安山岩,山岩,岩性
含角闪石辉石岩,含角闪石辉石岩,岩性
含角闪石辉绿岩,含角闪石辉绿岩,岩性
含角闪石辉绿岩脉,含角闪石辉绿岩脉,岩性
含角闪石辉绿斑岩,含角闪石辉绿斑岩,岩性
含角闪石辉长岩,含角闪石辉长岩,岩性
含角闪石金伯利岩,含角闪石金伯利岩,岩性
含角闪石钾长花岗岩,岗岩,岩性
含角闪石闪长岩,含角闪石闪长岩,岩性
含角闪石闪长斑岩,含角闪石闪长斑岩,岩性
含角闪石集块岩,含角闪石集块岩,岩性
含角闪石霞石闪长岩,长岩,岩性
含辉石二辉橄榄岩,含辉石二辉橄榄岩,岩性
含辉石二长岩,含辉石二长岩,岩性
含辉石二长花岗岩,含辉石二长花岗岩,岩性
含辉石二长闪长岩,含辉石二长闪长岩,岩性
含辉石伟晶岩,含辉石伟晶岩,岩性
含辉石凝灰岩,含辉石凝灰岩,岩性
含辉石凝灰熔岩,含辉石凝灰熔岩,岩性
含辉石凝灰角砾岩,含辉石凝灰角砾岩,岩性
含辉石响岩,含辉石响岩,岩性
含辉石安山岩,含辉石安山岩,岩性
含辉石斑岩,含辉石斑岩,岩性
含辉石斜长花岗岩,含辉石斜长花岗岩,岩性
含辉石方辉橄榄岩,含辉石方辉橄榄岩,岩性
含辉石橄榄岩,含辉石橄榄岩,岩性
含辉石正长岩,含辉石正长岩,岩性
含辉石流纹岩,含辉石流纹岩,岩性
含辉石火山碎屑岩,含辉石火山碎屑岩,岩性
含辉石火山角砾岩,含辉石火山角砾岩,岩性
含辉石火山集块岩,含辉石火山集块岩,岩性
含辉石煌斑岩,含辉石煌斑岩,岩性
含辉石玄武岩,含辉石玄武岩,岩性
含辉石玻基安山岩,含辉石玻基安山岩,岩性
含辉石玻基玄武岩,含辉石玻基玄武岩,岩性
含辉石玻屑凝灰岩,含辉石玻屑凝灰岩,岩性
含辉石石英斑岩,含辉石石英斑岩,岩性
含辉石碱性玄武岩,含辉石碱性玄武岩,岩性
含辉石碱长花岗岩,含辉石碱长花岗岩,岩性
含辉石粗面安山岩,含辉石粗面安山岩,岩性
含辉石粗面岩,含辉石粗面岩,岩性
含辉石花岗伟晶岩,含辉石花岗伟晶岩,岩性
含辉石花岗岩,含辉石花岗岩,岩性
含辉石花岗斑岩,含辉石花岗斑岩,岩性
含辉石花岗闪长岩,含辉石花岗闪长岩,岩性
含辉石英云闪长岩,含辉石英云闪长岩,岩性
含辉石英安岩,含辉石英安岩,岩性
含辉石蛇纹岩,含辉石蛇纹岩,岩性
含辉石角砾熔岩,含辉石角砾熔岩,岩性
含辉石角闪岩,含辉石角闪岩,岩性
含辉石辉石岩,含辉石辉石岩,岩性
含辉石辉石苏长岩,含辉石辉石苏长岩,岩性
含辉石辉绿岩,含辉石辉绿岩,岩性
含辉石辉绿斑岩,含辉石辉绿斑岩,岩性
含辉石辉长岩,含辉石辉长岩,岩性
含辉石金伯利岩,含辉石金伯利岩,岩性
含辉石闪长岩,含辉石闪长岩,岩性
含辉石闪长斑岩,含辉石闪长斑岩,岩性
含辉石闪长玢岩,含辉石闪长玢岩,岩性
含辉石集块岩,含辉石集块岩,岩性
含辉石霞石闪长岩,含辉石霞石闪长岩,岩性
含辉石麻粒岩,含辉石麻粒岩,岩性
含长石二辉橄榄岩,含长石二辉橄榄岩,岩性
含长石二长岩,含长石二长岩,岩性
含长石二长花岗岩,含长石二长花岗岩,岩性
含长石二长闪长岩,含长石二长闪长岩,岩性
含长石伟晶岩,含长石伟晶岩,岩性
含长石凝灰岩,含长石凝灰岩,岩性
含长石凝灰角砾岩,含长石凝灰角砾岩,岩性
含长石响岩,含长石响岩,岩性
含长石岩屑凝灰岩,含长石岩屑凝灰岩,岩性
含长石拉斑玄武岩,含长石拉斑玄武岩,岩性
含长石斑岩,含长石斑岩,岩性
含长石斜长花岗岩,含长石斜长花岗岩,岩性
含长石晶屑凝灰岩,含长石晶屑凝灰岩,岩性
含长石橄榄岩,含长石橄榄岩,岩性
含长石橄榄玄武岩,含长石橄榄玄武岩,岩性
含长石橄榄辉长岩,含长石橄榄辉长岩,岩性
含长石正长岩,含长石正长岩,岩性
含长石泡沫熔岩,含长石泡沫熔岩,岩性
含长石火山碎屑岩,含长石火山碎屑岩,岩性
含长石火山角砾岩,含长石火山角砾岩,岩性
含长石火山集块岩,含长石火山集块岩,岩性
含长石煌斑岩,含长石煌斑岩,岩性
含长石熔结凝灰岩,含长石熔结凝灰岩,岩性
含长石玄武岩脉,含长石玄武岩脉,岩性
含长石石英斑岩,含长石石英斑岩,岩性
含长石石英正长岩,含长石石英正长岩,岩性
含长石碱性花岗岩,含长石碱性花岗岩,岩性
含长石碱长花岗岩,含长石碱长花岗岩,岩性
含长石粗面安山岩,含长石粗面安山岩,岩性
含长石粗面岩,含长石粗面岩,岩性
含长石花岗斑岩,含长石花岗斑岩,岩性
含长石花岗细晶岩,含长石花岗细晶岩,岩性
含长石花岗闪长岩,含长石花岗闪长岩,岩性
含长石英云闪长岩,含长石英云闪长岩,岩性
含长石英安岩,含长石英安岩,岩性
含长石蛇纹岩,含长石蛇纹岩,岩性
含长石角闪岩,含长石角闪岩,岩性
含长石辉石安山岩,含长石辉石安山岩,岩性
含长石辉石岩,含长石辉石岩,岩性
含长石辉石苏长岩,含长石辉石苏长岩,岩性
含长石辉绿斑岩,含长石辉绿斑岩,岩性
含长石辉长岩脉,含长石辉长岩脉,岩性
含长石钾长花岗岩,含长石钾长花岗岩,岩性
含长石闪长斑岩,含长石闪长斑岩,岩性
含长石闪长玢岩,含长石闪长玢岩,岩性
含长石集块岩,含长石集块岩,岩性
含长石霞石正长岩,含长石霞石正长岩,岩性
含黑云母二辉橄榄岩,榄岩,岩性
含黑云母二长岩,含黑云母二长岩,岩性
含黑云母二长花岗岩,岗岩,岩性
含黑云母伟晶岩,含黑云母伟晶岩,岩性
含黑云母凝灰岩,含黑云母凝灰岩,岩性
含黑云母凝灰熔岩,含黑云母凝灰熔岩,岩性
含黑云母凝灰角砾岩,砾岩,岩性
含黑云母响岩,含黑云母响岩,岩性
含黑云母安山岩,含黑云母安山岩,岩性
含黑云母斑岩,含黑云母斑岩,岩性
含黑云母方辉橄榄岩,榄岩,岩性
含黑云母晶屑凝灰岩,灰岩,岩性
含黑云母橄榄岩,含黑云母橄榄岩,岩性
含黑云母橄榄玄武岩,武岩,岩性
含黑云母正长岩,含黑云母正长岩,岩性
含黑云母流纹岩,含黑云母流纹岩,岩性
含黑云母火山角砾岩,砾岩,岩性
含黑云母火山集块岩,块岩,岩性
含黑云母煌斑岩,含黑云母煌斑岩,岩性
含黑云母熔结凝灰岩,灰岩,岩性
含黑云母玄武岩,含黑云母玄武岩,岩性
含黑云母玄武岩脉,含黑云母玄武岩脉,岩性
含黑云母玻基玄武岩,武岩,岩性
含黑云母石英斑岩,含黑云母石英斑岩,岩性
含黑云母粗面岩,含黑云母粗面岩,岩性
含黑云母细晶岩,含黑云母细晶岩,岩性
含黑云母花岗岩,含黑云母花岗岩,岩性
含黑云母花岗斑岩,含黑云母花岗斑岩,岩性
含黑云母花岗细晶岩,晶岩,岩性
含黑云母花岗闪长岩,长岩,岩性
含黑云母英云闪长岩,长岩,岩性
含黑云母英安岩,含黑云母英安岩,岩性
含黑云母蛇纹岩,含黑云母蛇纹岩,岩性
含黑云母辉石岩,含黑云母辉石岩,岩性
含黑云母辉绿岩,含黑云母辉绿岩,岩性
含黑云母辉绿岩脉,含黑云母辉绿岩脉,岩性
含黑云母辉绿斑岩,含黑云母辉绿斑岩,岩性
含黑云母辉长岩,含黑云母辉长岩,岩性
含黑云母钾长花岗岩,岗岩,岩性
含黑云母闪长岩,含黑云母闪长岩,岩性
含黑云母闪长斑岩,含黑云母闪长斑岩,岩性
含黑云母闪长玢岩,含黑云母闪长玢岩,岩性
含黑云母集块岩,含黑云母集块岩,岩性
含黑云母霞石正长岩,长岩,岩性
含黑云母霞石闪长岩,长岩,岩性
块状二辉橄榄岩,二辉橄榄岩,岩性
块状二长花岗岩,二长花岗岩,岩性
块状二长闪长岩,二长闪长岩,岩性
块状伟晶岩,伟晶岩,岩性
块状凝灰熔岩,凝灰熔岩,岩性
块状千枚岩,千枚岩,岩性
块状响岩,响岩,岩性
块状大理岩,大理岩,岩性
块状岩屑凝灰岩,岩屑凝灰岩,岩性
块状拉斑玄武岩,拉斑玄武岩,岩性
块状斜长花岗岩,斜长花岗岩,岩性
块状晶屑凝灰岩,晶屑凝灰岩,岩性
块状正长岩,正长岩,岩性
块状泡沫熔岩,泡沫熔岩,岩性
块状泥岩,泥岩,岩性
块状火山角砾岩,火山角砾岩,岩性
块状火山集块岩,火山集块岩,岩性
块状灰岩,灰岩,岩性
块状片岩,片岩,岩性
块状片麻岩,片麻岩,岩性
块状玻基玄武岩,玻基玄武岩,岩性
块状玻屑凝灰岩,玻屑凝灰岩,岩性
块状石英岩,石英岩,岩性
块状砂岩,砂岩,岩性
块状砾岩,砾岩,岩性
块状碱性玄武岩,碱性玄武岩,岩性
块状碱长花岗岩,碱长花岗岩,岩性
块状粉砂岩,粉砂岩,岩性
块状糜棱岩,糜棱岩,岩性
块状纯橄榄岩,纯橄榄岩,岩性
块状细晶岩,细晶岩,岩性
块状花岗伟晶岩,花岗伟晶岩,岩性
块状花岗斑岩,花岗斑岩,岩性
块状花岗细晶岩,花岗细晶岩,岩性
块状苏长岩,苏长岩,岩性
块状英云闪长岩,英云闪长岩,岩性
块状角砾凝灰岩,角砾凝灰岩,岩性
块状角砾岩,角砾岩,岩性
块状角砾熔岩,角砾熔岩,岩性
块状辉石安山岩,辉石安山岩,岩性
块状辉石岩,辉石岩,岩性
块状辉石苏长岩,辉石苏长岩,岩性
块状辉绿岩脉,辉绿岩脉,岩性
块状霞石闪长岩,霞石闪长岩,岩性
块状页岩,页岩,岩性
层状二长花岗岩,二长花岗岩,岩性
层状凝灰岩,凝灰岩,岩性
层状凝灰熔岩,凝灰熔岩,岩性
层状凝灰角砾岩,凝灰角砾岩,岩性
层状千枚岩,千枚岩,岩性
层状大理岩,大理岩,岩性
层状岩屑凝灰岩,岩屑凝灰岩,岩性
层状斜长花岗岩,斜长花岗岩,岩性
层状橄榄岩,橄榄岩,岩性
层状橄榄玄武岩,橄榄玄武岩,岩性
层状正长花岗岩,正长花岗岩,岩性
层状泥岩,泥岩,岩性
层状流纹岩,流纹岩,岩性
层状火山碎屑岩,火山碎屑岩,岩性
层状火山集块岩,火山集块岩,岩性
层状灰岩,灰岩,岩性
层状煌斑岩,煌斑岩,岩性
层状片麻岩,片麻岩,岩性
层状玄武岩脉,玄武岩脉,岩性
层状玻屑凝灰岩,玻屑凝灰岩,岩性
层状石英岩,石英岩,岩性
层状石英斑岩,石英斑岩,岩性
层状砂岩,砂岩,岩性
层状砾岩,砾岩,岩性
层状碱性玄武岩,碱性玄武岩,岩性
层状碱性花岗岩,碱性花岗岩,岩性
层状粉砂岩,粉砂岩,岩性
层状粗面安山岩,粗面安山岩,岩性
层状粗面岩,粗面岩,岩性
层状糜棱岩,糜棱岩,岩性
层状细晶岩,细晶岩,岩性
层状花岗伟晶岩,花岗伟晶岩,岩性
层状花岗岩,花岗岩,岩性
层状花岗斑岩,花岗斑岩,岩性
层状花岗闪长岩,花岗闪长岩,岩性
层状苏长岩,苏长岩,岩性
层状英云闪长岩,英云闪长岩,岩性
层状英安岩,英安岩,岩性
层状角砾凝灰岩,角砾凝灰岩,岩性
层状角砾岩,角砾岩,岩性
层状角砾熔岩,角砾熔岩,岩性
层状角闪安山岩,角闪安山岩,岩性
层状辉石安山岩,辉石安山岩,岩性
层状辉绿岩,辉绿岩,岩性
层状辉长岩,辉长岩,岩性
层状辉长岩脉,辉长岩脉,岩性
层状闪长岩,闪长岩,岩性
层状霞石闪长岩,霞石闪长岩,岩性
层状页岩,页岩,岩性
层状麻粒岩,麻粒岩,岩性
岩屑质泥岩,岩屑质泥岩,岩性
岩屑质泥灰岩,岩屑质泥灰岩,岩性
岩屑质灰岩,岩屑质灰岩,岩性
岩屑质白云岩,岩屑质白云岩,岩性
岩屑质白云质灰岩,岩屑质白云质灰岩,岩性
岩屑质石灰岩,岩屑质石灰岩,岩性
岩屑质砂岩,岩屑质砂岩,岩性
岩屑质砾岩,岩屑质砾岩,岩性
岩屑质粉砂岩,岩屑质粉砂岩,岩性
岩屑质角砾岩,岩屑质角砾岩,岩性
岩屑质页岩,岩屑质页岩,岩性
斑岩,斑岩,岩性
斑状二长岩,二长岩,岩性
斑状二长花岗岩,二长花岗岩,岩性
斑状伟晶岩,伟晶岩,岩性
斑状凝灰岩,凝灰岩,岩性
斑状响岩,响岩,岩性
斑状大理岩,大理岩,岩性
斑状岩屑凝灰岩,岩屑凝灰岩,岩性
斑状拉斑玄武岩,拉斑玄武岩,岩性
斑状斑岩,斑岩,岩性
斑状板岩,板岩,岩性
斑状橄榄岩,橄榄岩,岩性
斑状橄榄辉长岩,橄榄辉长岩,岩性
斑状正长岩,正长岩,岩性
斑状正长花岗岩,正长花岗岩,岩性
斑状泡沫熔岩,泡沫熔岩,岩性
斑状泥灰岩,泥灰岩,岩性
斑状火山角砾岩,火山角砾岩,岩性
斑状灰岩,灰岩,岩性
斑状煌斑岩,煌斑岩,岩性
斑状片岩,片岩,岩性
斑状片麻岩,片麻岩,岩性
斑状玄武岩脉,玄武岩脉,岩性
斑状玻屑凝灰岩,玻屑凝灰岩,岩性
斑状白云岩,白云岩,岩性
斑状白云质灰岩,白云质灰岩,岩性
斑状石英斑岩,石英斑岩,岩性
斑状石英正长岩,石英正长岩,岩性
斑状砂岩,砂岩,岩性
斑状碱性玄武岩,碱性玄武岩,岩性
斑状碱长花岗岩,碱长花岗岩,岩性
斑状粉砂岩,粉砂岩,岩性
斑状粗面安山岩,粗面安山岩,岩性
斑状粗面岩,粗面岩,岩性
斑状糜棱岩,糜棱岩,岩性
斑状纯橄榄岩,纯橄榄岩,岩性
斑状细晶岩,细晶岩,岩性
斑状花岗伟晶岩,花岗伟晶岩,岩性
斑状花岗斑岩,花岗斑岩,岩性
斑状花岗闪长岩,花岗闪长岩,岩性
斑状苏长岩,苏长岩,岩性
斑状英云闪长岩,英云闪长岩,岩性
斑状英安岩,英安岩,岩性
斑状蛇纹岩,蛇纹岩,岩性
斑状角砾熔岩,角砾熔岩,岩性
斑状辉石岩,辉石岩,岩性
斑状辉石苏长岩,辉石苏长岩,岩性
斑状辉绿斑岩,辉绿斑岩,岩性
斑状辉长岩脉,辉长岩脉,岩性
斑状金伯利岩,金伯利岩,岩性
斑状钾长花岗岩,钾长花岗岩,岩性
斑状闪长斑岩,闪长斑岩,岩性
斑状集块岩,集块岩,岩性
斑状霞石正长岩,霞石正长岩,岩性
斑状页岩,页岩,岩性
斑状麻粒岩,麻粒岩,岩性
条带状二辉橄榄岩,二辉橄榄岩,岩性
条带状二长花岗岩,二长花岗岩,岩性
条带状二长闪长岩,二长闪长岩,岩性
条带状伟晶岩,伟晶岩,岩性
条带状凝灰角砾岩,凝灰角砾岩,岩性
条带状响岩,响岩,岩性
条带状安山岩,安山岩,岩性
条带状斜长花岗岩,斜长花岗岩,岩性
条带状方辉橄榄岩,方辉橄榄岩,岩性
条带状条带状片麻岩,片麻岩,岩性
条带状橄榄辉长岩,橄榄辉长岩,岩性
条带状正长花岗岩,正长花岗岩,岩性
条带状泡沫熔岩,泡沫熔岩,岩性
条带状泥岩,泥岩,岩性
条带状泥灰岩,泥灰岩,岩性
条带状流纹岩,流纹岩,岩性
条带状火山碎屑岩,火山碎屑岩,岩性
条带状火山角砾岩,火山角砾岩,岩性
条带状灰岩,灰岩,岩性
条带状煌斑岩,煌斑岩,岩性
条带状熔结凝灰岩,熔结凝灰岩,岩性
条带状玄武岩,玄武岩,岩性
条带状玄武岩脉,玄武岩脉,岩性
条带状玻基安山岩,玻基安山岩,岩性
条带状玻基玄武岩,玻基玄武岩,岩性
条带状玻屑凝灰岩,玻屑凝灰岩,岩性
条带状白云岩,白云岩,岩性
条带状白云质灰岩,白云质灰岩,岩性
条带状眼球状片麻岩,眼球状片麻岩,岩性
条带状石灰岩,石灰岩,岩性
条带状石英闪长岩,石英闪长岩,岩性
条带状砂岩,砂岩,岩性
条带状砾岩,砾岩,岩性
条带状碱性玄武岩,碱性玄武岩,岩性
条带状碱性花岗岩,碱性花岗岩,岩性
条带状粉砂岩,粉砂岩,岩性
条带状纯橄榄岩,纯橄榄岩,岩性
条带状细晶岩,细晶岩,岩性
条带状花岗岩,花岗岩,岩性
条带状花岗细晶岩,花岗细晶岩,岩性
条带状英云闪长岩,英云闪长岩,岩性
条带状英安岩,英安岩,岩性
条带状角砾岩,角砾岩,岩性
条带状角闪安山岩,角闪安山岩,岩性
条带状角闪岩,角闪岩,岩性
条带状角闪片麻岩,角闪片麻岩,岩性
条带状辉石岩,辉石岩,岩性
条带状辉绿岩,辉绿岩,岩性
条带状辉绿岩脉,辉绿岩脉,岩性
条带状辉长岩,辉长岩,岩性
条带状辉长岩脉,辉长岩脉,岩性
条带状金伯利岩,金伯利岩,岩性
条带状霞石正长岩,霞石正长岩,岩性
条带状霞石闪长岩,霞石闪长岩,岩性
条带状页岩,页岩,岩性
条带状麻粒岩,麻粒岩,岩性
正长斑岩,正长斑岩,岩性
泡沫熔岩,泡沫熔岩,岩性
波状层理泥岩,泥岩,岩性
波状层理砂岩,砂岩,岩性
波状层理砾岩,砾岩,岩性
波状层理粉砂岩,粉砂岩,岩性
泥晶泥岩,泥晶泥岩,岩性
泥晶砂岩,泥晶砂岩,岩性
泥晶砾岩,泥晶砾岩,岩性
泥晶粉砂岩,泥晶粉砂岩,岩性
泥晶角砾岩,泥晶角砾岩,岩性
泥晶页岩,泥晶页岩,岩性
泥炭,泥炭,通用地质名词
滑石岩,滑石岩,岩性
火山灰凝灰岩,火山灰凝灰岩,岩性
灰白色二辉橄榄岩,二辉橄榄岩,岩性
灰白色二长岩,二长岩,岩性
灰白色二长花岗岩,二长花岗岩,岩性
灰白色二长闪长岩,二长闪长岩,岩性
灰白色凝灰岩,凝灰岩,岩性
灰白色凝灰角砾岩,凝灰角砾岩,岩性
灰白色千枚岩,千枚岩,岩性
灰白色大理岩,大理岩,岩性
灰白色安山岩,安山岩,岩性
灰白色岩屑凝灰岩,岩屑凝灰岩,岩性
灰白色方辉橄榄岩,方辉橄榄岩,岩性
灰白色晶屑凝灰岩,晶屑凝灰岩,岩性
灰白色板岩,板岩,岩性
灰白色正长岩,正长岩,岩性
灰白色正长花岗岩,正长花岗岩,岩性
灰白色泡沫熔岩,泡沫熔岩,岩性
灰白色泥岩,泥岩,岩性
灰白色泥灰岩,泥灰岩,岩性
灰白色流纹岩,流纹岩,岩性
灰白色火山碎屑岩,火山碎屑岩,岩性
灰白色灰岩,灰岩,岩性
灰白色煌斑岩,煌斑岩,岩性
灰白色熔结凝灰岩,熔结凝灰岩,岩性
灰白色片岩,片岩,岩性
灰白色片麻岩,片麻岩,岩性
灰白色玄武岩,玄武岩,岩性
灰白色玻基安山岩,玻基安山岩,岩性
灰白色白云岩,白云岩,岩性
灰白色白云质灰岩,白云质灰岩,岩性
灰白色石灰岩,石灰岩,岩性
灰白色石英岩,石英岩,岩性
灰白色石英斑岩,石英斑岩,岩性
灰白色石英正长岩,石英正长岩,岩性
灰白色砂岩,砂岩,岩性
灰白色砾岩,砾岩,岩性
灰白色碱性玄武岩,碱性玄武岩,岩性
灰白色碱长花岗岩,碱长花岗岩,岩性
灰白色粉砂岩,粉砂岩,岩性
灰白色粗面安山岩,粗面安山岩,岩性
灰白色糜棱岩,糜棱岩,岩性
灰白色花岗岩,花岗岩,岩性
灰白色花岗斑岩,花岗斑岩,岩性
灰白色花岗细晶岩,花岗细晶岩,岩性
灰白色花岗闪长岩,花岗闪长岩,岩性
灰白色苏长岩,苏长岩,岩性
灰白色英云闪长岩,英云闪长岩,岩性
灰白色英安岩,英安岩,岩性
灰白色角砾凝灰岩,角砾凝灰岩,岩性
灰白色角闪安山岩,角闪安山岩,岩性
灰白色辉绿岩,辉绿岩,岩性
灰白色辉绿岩脉,辉绿岩脉,岩性
灰白色辉长岩,辉长岩,岩性
灰白色闪长岩,闪长岩,岩性
灰白色霞石闪长岩,霞石闪长岩,岩性
灰白色页岩,页岩,岩性
灰白色麻粒岩,麻粒岩,岩性
灰色二辉橄榄岩,二辉橄榄岩,岩性
灰色二长花岗岩,二长花岗岩,岩性
灰色二长闪长岩,二长闪长岩,岩性
灰色凝灰岩,凝灰岩,岩性
灰色凝灰熔岩,凝灰熔岩,岩性
灰色千枚岩,千枚岩,岩性
灰色响岩,响岩,岩性
灰色大理岩,大理岩,岩性
灰色安山岩,安山岩,岩性
灰色方辉橄榄岩,方辉橄榄岩,岩性
灰色晶屑凝灰岩,晶屑凝灰岩,岩性
灰色板岩,板岩,岩性
灰色橄榄岩,橄榄岩,岩性
灰色橄榄玄武岩,橄榄玄武岩,岩性
灰色正长岩,正长岩,岩性
灰色泥岩,泥岩,岩性
灰色泥灰岩,泥灰岩,岩性
灰色流纹岩,流纹岩,岩性
灰色火山集块岩,火山集块岩,岩性
灰色灰岩,灰岩,岩性
灰色片岩,片岩,岩性
灰色片麻岩,片麻岩,岩性
灰色玄武岩,玄武岩,岩性
灰色玄武岩脉,玄武岩脉,岩性
灰色玻基安山岩,玻基安山岩,岩性
灰色玻基玄武岩,玻基玄武岩,岩性
灰色玻屑凝灰岩,玻屑凝灰岩,岩性
灰色白云岩,白云岩,岩性
灰色白云质灰岩,白云质灰岩,岩性
灰色石灰岩,石灰岩,岩性
灰色石英岩,石英岩,岩性
灰色石英正长岩,石英正长岩,岩性
灰色石英闪长岩,石英闪长岩,岩性
灰色砂岩,砂岩,岩性
灰色砾岩,砾岩,岩性
灰色碱性花岗岩,碱性花岗岩,岩性
灰色粉砂岩,粉砂岩,岩性
灰色粗面岩,粗面岩,岩性
灰色糜棱岩,糜棱岩,岩性
灰色花岗岩,花岗岩,岩性
灰色花岗细晶岩,花岗细晶岩,岩性
灰色苏长岩,苏长岩,岩性
灰色英云闪长岩,英云闪长岩,岩性
灰色角砾凝灰岩,角砾凝灰岩,岩性
灰色角砾岩,角砾岩,岩性
灰色角砾熔岩,角砾熔岩,岩性
灰色角闪岩,角闪岩,岩性
灰色辉石安山岩,辉石安山岩,岩性
灰色辉石岩,辉石岩,岩性
灰色辉绿岩,辉绿岩,岩性
灰色辉长岩,辉长岩,岩性
灰色辉长岩脉,辉长岩脉,岩性
灰色钾长花岗岩,钾长花岗岩,岩性
灰色闪长岩,闪长岩,岩性
灰色闪长玢岩,闪长玢岩,岩性
灰色霞石正长岩,霞石正长岩,岩性
灰色页岩,页岩,岩性
炭质泥灰岩,炭质泥灰岩,岩性
炭质灰岩,炭质灰岩,岩性
炭质白云岩,炭质白云岩,岩性
炭质白云质灰岩,炭质白云质灰岩,岩性
炭质石灰岩,炭质石灰岩,岩性
片岩化花岗岩,片岩化花岗岩,岩性
片状二辉橄榄岩,二辉橄榄岩,岩性
片状二长花岗岩,二长花岗岩,岩性
片状伟晶岩,伟晶岩,岩性
片状千枚岩,千枚岩,岩性
片状响岩,响岩,岩性
片状安山岩,安山岩,岩性
片状斜长花岗岩,斜长花岗岩,岩性
片状方辉橄榄岩,方辉橄榄岩,岩性
片状晶屑凝灰岩,晶屑凝灰岩,岩性
片状板岩,板岩,岩性
片状橄榄岩,橄榄岩,岩性
片状橄榄玄武岩,橄榄玄武岩,岩性
片状泥岩,泥岩,岩性
片状泥灰岩,泥灰岩,岩性
片状流纹岩,流纹岩,岩性
片状火山碎屑岩,火山碎屑岩,岩性
片状灰岩,灰岩,岩性
片状煌斑岩,煌斑岩,岩性
片状熔结凝灰岩,熔结凝灰岩,岩性
片状片岩,片岩,岩性
片状片麻岩,片麻岩,岩性
片状玄武岩,玄武岩,岩性
片状玻基玄武岩,玻基玄武岩,岩性
片状白云岩,白云岩,岩性
片状白云质灰岩,白云质灰岩,岩性
片状石灰岩,石灰岩,岩性
片状石英岩,石英岩,岩性
片状石英正长岩,石英正长岩,岩性
片状石英闪长岩,石英闪长岩,岩性
片状砂岩,砂岩,岩性
片状砾岩,砾岩,岩性
片状碱性花岗岩,碱性花岗岩,岩性
片状碱长花岗岩,碱长花岗岩,岩性
片状粗面安山岩,粗面安山岩,岩性
片状粗面岩,粗面岩,岩性
片状糜棱岩,糜棱岩,岩性
片状纯橄榄岩,纯橄榄岩,岩性
片状花岗岩,花岗岩,岩性
片状苏长岩,苏长岩,岩性
片状英云闪长岩,英云闪长岩,岩性
片状角砾岩,角砾岩,岩性
片状角闪岩,角闪岩,岩性
片状辉石岩,辉石岩,岩性
片状辉石苏长岩,辉石苏长岩,岩性
片状辉绿岩,辉绿岩,岩性
片状辉绿岩脉,辉绿岩脉,岩性
片状金伯利岩,金伯利岩,岩性
片状钾长花岗岩,钾长花岗岩,岩性
片状闪长岩,闪长岩,岩性
片状闪长玢岩,闪长玢岩,岩性
片状霞石正长岩,霞石正长岩,岩性
片状页岩,页岩,岩性
片状麻粒岩,麻粒岩,岩性
片麻状二辉橄榄岩,二辉橄榄岩,岩性
片麻状二长闪长岩,二长闪长岩,岩性
片麻状凝灰角砾岩,凝灰角砾岩,岩性
片麻状安山岩,安山岩,岩性
片麻状岩屑凝灰岩,岩屑凝灰岩,岩性
片麻状拉斑玄武岩,拉斑玄武岩,岩性
片麻状斜长花岗岩,斜长花岗岩,岩性
片麻状板岩,板岩,岩性
片麻状橄榄玄武岩,橄榄玄武岩,岩性
片麻状橄榄辉长岩,橄榄辉长岩,岩性
片麻状正长岩,正长岩,岩性
片麻状正长花岗岩,正长花岗岩,岩性
片麻状泡沫熔岩,泡沫熔岩,岩性
片麻状泥灰岩,泥灰岩,岩性
片麻状火山碎屑岩,火山碎屑岩,岩性
片麻状火山角砾岩,火山角砾岩,岩性
片麻状火山集块岩,火山集块岩,岩性
片麻状灰岩,灰岩,岩性
片麻状煌斑岩,煌斑岩,岩性
片麻状熔结凝灰岩,熔结凝灰岩,岩性
片麻状片麻岩,片麻岩,岩性
片麻状玄武岩,玄武岩,岩性
片麻状玄武岩脉,玄武岩脉,岩性
片麻状玻基玄武岩,玻基玄武岩,岩性
片麻状玻屑凝灰岩,玻屑凝灰岩,岩性
片麻状白云岩,白云岩,岩性
片麻状白云质灰岩,白云质灰岩,岩性
片麻状石灰岩,石灰岩,岩性
片麻状石英岩,石英岩,岩性
片麻状石英斑岩,石英斑岩,岩性
片麻状石英正长岩,石英正长岩,岩性
片麻状石英闪长岩,石英闪长岩,岩性
片麻状砂岩,砂岩,岩性
片麻状砾岩,砾岩,岩性
片麻状碱性花岗岩,碱性花岗岩,岩性
片麻状碱长花岗岩,碱长花岗岩,岩性
片麻状粗面安山岩,粗面安山岩,岩性
片麻状粗面岩,粗面岩,岩性
片麻状糜棱岩,糜棱岩,岩性
片麻状细晶岩,细晶岩,岩性
片麻状花岗细晶岩,花岗细晶岩,岩性
片麻状苏长岩,苏长岩,岩性
片麻状英安岩,英安岩,岩性
片麻状角砾凝灰岩,角砾凝灰岩,岩性
片麻状角砾岩,角砾岩,岩性
片麻状角闪岩,角闪岩,岩性
片麻状辉石苏长岩,辉石苏长岩,岩性
片麻状辉绿岩,辉绿岩,岩性
片麻状辉长岩,辉长岩,岩性
片麻状辉长岩脉,辉长岩脉,岩性
片麻状钾长花岗岩,钾长花岗岩,岩性
片麻状闪长岩,闪长岩,岩性
片麻状霞石正长岩,霞石正长岩,岩性
片麻状页岩,页岩,岩性
片麻状麻粒岩,麻粒岩,岩性
玻基安山岩,玻基安山岩,岩性
玻基玄武岩,玻基玄武岩,岩性
生物碎屑泥岩,生物碎屑泥岩,岩性
生物碎屑砂岩,生物碎屑砂岩,岩性
生物碎屑砾岩,生物碎屑砾岩,岩性
生物碎屑粉砂岩,生物碎屑粉砂岩,岩性
生物碎屑角砾岩,生物碎屑角砾岩,岩性
生物碎屑页岩,生物碎屑页岩,岩性
疏松二辉橄榄岩,疏松二辉橄榄岩,岩性
疏松二长岩,疏松二长岩,岩性
疏松二长闪长岩,疏松二长闪长岩,岩性
疏松伟晶岩,疏松伟晶岩,岩性
疏松凝灰岩,疏松凝灰岩,岩性
疏松凝灰角砾岩,疏松凝灰角砾岩,岩性
疏松千枚岩,疏松千枚岩,岩性
疏松响岩,疏松响岩,岩性
疏松大理岩,疏松大理岩,岩性
疏松安山岩,疏松安山岩,岩性
疏松方辉橄榄岩,疏松方辉橄榄岩,岩性
疏松晶屑凝灰岩,疏松晶屑凝灰岩,岩性
疏松板岩,疏松板岩,岩性
疏松橄榄岩,疏松橄榄岩,岩性
疏松橄榄玄武岩,疏松橄榄玄武岩,岩性
疏松橄榄辉长岩,疏松橄榄辉长岩,岩性
疏松泡沫熔岩,疏松泡沫熔岩,岩性
疏松泥岩,疏松泥岩,岩性
疏松泥灰岩,疏松泥灰岩,岩性
疏松火山角砾岩,疏松火山角砾岩,岩性
疏松火山集块岩,疏松火山集块岩,岩性
疏松灰岩,疏松灰岩,岩性
疏松熔结凝灰岩,疏松熔结凝灰岩,岩性
疏松玄武岩,疏松玄武岩,岩性
疏松玻基安山岩,疏松玻基安山岩,岩性
疏松玻屑凝灰岩,疏松玻屑凝灰岩,岩性
疏松白云岩,疏松白云岩,岩性
疏松白云质灰岩,疏松白云质灰岩,岩性
疏松石灰岩,疏松石灰岩,岩性
疏松石英岩,疏松石英岩,岩性
疏松石英正长岩,疏松石英正长岩,岩性
疏松砂岩,疏松砂岩,岩性
疏松砾岩,疏松砾岩,岩性
疏松碱性玄武岩,疏松碱性玄武岩,岩性
疏松粉砂岩,疏松粉砂岩,岩性
疏松粗面安山岩,疏松粗面安山岩,岩性
疏松糜棱岩,疏松糜棱岩,岩性
疏松纯橄榄岩,疏松纯橄榄岩,岩性
疏松花岗伟晶岩,疏松花岗伟晶岩,岩性
疏松花岗斑岩,疏松花岗斑岩,岩性
疏松花岗闪长岩,疏松花岗闪长岩,岩性
疏松英云闪长岩,疏松英云闪长岩,岩性
疏松英安岩,疏松英安岩,岩性
疏松角砾岩,疏松角砾岩,岩性
疏松角闪安山岩,疏松角闪安山岩,岩性
疏松辉石安山岩,疏松辉石安山岩,岩性
疏松辉绿岩,疏松辉绿岩,岩性
疏松辉绿岩脉,疏松辉绿岩脉,岩性
疏松辉长岩,疏松辉长岩,岩性
疏松辉长岩脉,疏松辉长岩脉,岩性
疏松闪长玢岩,疏松闪长玢岩,岩性
疏松页岩,疏松页岩,岩性
眼球状条带状片麻岩,眼球状条带状片麻岩,岩性
眼球状眼球状片麻岩,眼球状眼球状片麻岩,岩性
眼球状角闪片麻岩,眼球状角闪片麻岩,岩性
石榴子石云母片岩,石榴子石云母片岩,岩性
石英斑岩,石英斑岩,岩性
石英质泥岩,石英质泥岩,岩性
石英质泥灰岩,石英质泥灰岩,岩性
石英质灰岩,石英质灰岩,岩性
石英质白云岩,石英质白云岩,岩性
石英质白云质灰岩,石英质白云质灰岩,岩性
石英质石灰岩,石英质石灰岩,岩性
石英质砂岩,石英质砂岩,岩性
石英质砾岩,石英质砾岩,岩性
石英质粉砂岩,石英质粉砂岩,岩性
石英质角砾岩,石英质角砾岩,岩性
石英质页岩,石英质页岩,岩性
硅质胶结泥岩,硅质胶结泥岩,岩性
硅质胶结砂岩,硅质胶结砂岩,岩性
硅质胶结砾岩,硅质胶结砾岩,岩性
硅质胶结粉砂岩,硅质胶结粉砂岩,岩性
硅质胶结页岩,硅质胶结页岩,岩性
碎裂千枚岩,碎裂千枚岩,岩性
碎裂大理岩,碎裂大理岩,岩性
碎裂板岩,碎裂板岩,岩性
碎裂片岩,碎裂片岩,岩性
碎裂片麻岩,碎裂片麻岩,岩性
碎裂状二长花岗岩,二长花岗岩,岩性
碎裂状凝灰熔岩,凝灰熔岩,岩性
碎裂状安山岩,安山岩,岩性
碎裂状岩屑凝灰岩,岩屑凝灰岩,岩性
碎裂状拉斑玄武岩,拉斑玄武岩,岩性
碎裂状斜长花岗岩,斜长花岗岩,岩性
碎裂状方辉橄榄岩,方辉橄榄岩,岩性
碎裂状正长岩,正长岩,岩性
碎裂状正长花岗岩,正长花岗岩,岩性
碎裂状泡沫熔岩,泡沫熔岩,岩性
碎裂状泥岩,泥岩,岩性
碎裂状泥灰岩,泥灰岩,岩性
碎裂状火山集块岩,火山集块岩,岩性
碎裂状灰岩,灰岩,岩性
碎裂状片岩,片岩,岩性
碎裂状片麻岩,片麻岩,岩性
碎裂状玄武岩,玄武岩,岩性
碎裂状玄武岩脉,玄武岩脉,岩性
碎裂状白云岩,白云岩,岩性
碎裂状白云质灰岩,白云质灰岩,岩性
碎裂状石灰岩,石灰岩,岩性
碎裂状石英岩,石英岩,岩性
碎裂状石英斑岩,石英斑岩,岩性
碎裂状石英正长岩,石英正长岩,岩性
碎裂状砂岩,砂岩,岩性
碎裂状碱性玄武岩,碱性玄武岩,岩性
碎裂状粗面安山岩,粗面安山岩,岩性
碎裂状纯橄榄岩,纯橄榄岩,岩性
碎裂状细晶岩,细晶岩,岩性
碎裂状花岗伟晶岩,花岗伟晶岩,岩性
碎裂状花岗细晶岩,花岗细晶岩,岩性
碎裂状苏长岩,苏长岩,岩性
碎裂状角砾凝灰岩,角砾凝灰岩,岩性
碎裂状角砾岩,角砾岩,岩性
碎裂状角闪安山岩,角闪安山岩,岩性
碎裂状辉石岩,辉石岩,岩性
碎裂状辉石苏长岩,辉石苏长岩,岩性
碎裂状金伯利岩,金伯利岩,岩性
碎裂状闪长岩,闪长岩,岩性
碎裂状霞石正长岩,霞石正长岩,岩性
碎裂状霞石闪长岩,霞石闪长岩,岩性
碎裂状页岩,页岩,岩性
碎裂石英岩,碎裂石英岩,岩性
碎裂糜棱岩,碎裂糜棱岩,岩性
碱性安山岩,碱性安山岩,岩性
碱性正长岩,碱性正长岩,岩性
碱性流纹岩,碱性流纹岩,岩性
碱性辉绿岩,碱性辉绿岩,岩性
碱性辉长岩,碱性辉长岩,岩性
碱性闪长岩,碱性闪长岩,岩性
等粒二辉橄榄岩,二辉橄榄岩,岩性
等粒二长岩,二长岩,岩性
等粒二长闪长岩,二长闪长岩,岩性
等粒伟晶岩,伟晶岩,岩性
等粒千枚岩,千枚岩,岩性
等粒响岩,响岩,岩性
等粒大理岩,大理岩,岩性
等粒晶屑凝灰岩,晶屑凝灰岩,岩性
等粒橄榄岩,橄榄岩,岩性
等粒橄榄玄武岩,橄榄玄武岩,岩性
等粒泡沫熔岩,泡沫熔岩,岩性
等粒泥灰岩,泥灰岩,岩性
等粒火山碎屑岩,火山碎屑岩,岩性
等粒火山角砾岩,火山角砾岩,岩性
等粒火山集块岩,火山集块岩,岩性
等粒灰岩,灰岩,岩性
等粒片岩,片岩,岩性
等粒玄武岩,玄武岩,岩性
等粒白云质灰岩,白云质灰岩,岩性
等粒石灰岩,石灰岩,岩性
等粒石英闪长岩,石英闪长岩,岩性
等粒砂岩,砂岩,岩性
等粒砾岩,砾岩,岩性
等粒碱性花岗岩,碱性花岗岩,岩性
等粒粗面安山岩,粗面安山岩,岩性
等粒粗面岩,粗面岩,岩性
等粒糜棱岩,糜棱岩,岩性
等粒纯橄榄岩,纯橄榄岩,岩性
等粒花岗岩,花岗岩,岩性
等粒花岗细晶岩,花岗细晶岩,岩性
等粒角砾凝灰岩,角砾凝灰岩,岩性
等粒角砾熔岩,角砾熔岩,岩性
等粒辉石安山岩,辉石安山岩,岩性
等粒辉石岩,辉石岩,岩性
等粒钾长花岗岩,钾长花岗岩,岩性
等粒闪长岩,闪长岩,岩性
等粒霞石正长岩,霞石正长岩,岩性
等粒霞石闪长岩,霞石闪长岩,岩性
等粒页岩,页岩,岩性
糜棱千枚岩,糜棱千枚岩,岩性
糜棱大理岩,糜棱大理岩,岩性
糜棱板岩,糜棱板岩,岩性
糜棱片岩,糜棱片岩,岩性
糜棱片麻岩,糜棱片麻岩,岩性
糜棱石英岩,糜棱石英岩,岩性
糜棱糜棱岩,糜棱糜棱岩,岩性
紫红色二辉橄榄岩,二辉橄榄岩,岩性
紫红色二长岩,二长岩,岩性
紫红色凝灰岩,凝灰岩,岩性
紫红色凝灰熔岩,凝灰熔岩,岩性
紫红色千枚岩,千枚岩,岩性
紫红色大理岩,大理岩,岩性
紫红色安山岩,安山岩,岩性
紫红色岩屑凝灰岩,岩屑凝灰岩,岩性
紫红色拉斑玄武岩,拉斑玄武岩,岩性
紫红色斜长花岗岩,斜长花岗岩,岩性
紫红色板岩,板岩,岩性
紫红色橄榄玄武岩,橄榄玄武岩,岩性
紫红色橄榄辉长岩,橄榄辉长岩,岩性
紫红色正长岩,正长岩,岩性
紫红色正长花岗岩,正长花岗岩,岩性
紫红色泡沫熔岩,泡沫熔岩,岩性
紫红色泥岩,泥岩,岩性
紫红色泥灰岩,泥灰岩,岩性
紫红色流纹岩,流纹岩,岩性
紫红色火山碎屑岩,火山碎屑岩,岩性
紫红色火山集块岩,火山集块岩,岩性
紫红色灰岩,灰岩,岩性
紫红色煌斑岩,煌斑岩,岩性
紫红色片岩,片岩,岩性
紫红色片麻岩,片麻岩,岩性
紫红色玄武岩,玄武岩,岩性
紫红色玻基玄武岩,玻基玄武岩,岩性
紫红色白云岩,白云岩,岩性
紫红色白云质灰岩,白云质灰岩,岩性
紫红色石灰岩,石灰岩,岩性
紫红色石英岩,石英岩,岩性
紫红色石英斑岩,石英斑岩,岩性
紫红色石英正长岩,石英正长岩,岩性
紫红色石英闪长岩,石英闪长岩,岩性
紫红色砂岩,砂岩,岩性
紫红色砾岩,砾岩,岩性
紫红色碱性玄武岩,碱性玄武岩,岩性
紫红色碱性花岗岩,碱性花岗岩,岩性
紫红色碱长花岗岩,碱长花岗岩,岩性
紫红色粉砂岩,粉砂岩,岩性
紫红色糜棱岩,糜棱岩,岩性
紫红色纯橄榄岩,纯橄榄岩,岩性
紫红色细晶岩,细晶岩,岩性
紫红色花岗伟晶岩,花岗伟晶岩,岩性
紫红色花岗岩,花岗岩,岩性
紫红色花岗斑岩,花岗斑岩,岩性
紫红色花岗细晶岩,花岗细晶岩,岩性
紫红色花岗闪长岩,花岗闪长岩,岩性
紫红色英云闪长岩,英云闪长岩,岩性
紫红色英安岩,英安岩,岩性
紫红色角砾岩,角砾岩,岩性
紫红色角砾熔岩,角砾熔岩,岩性
紫红色角闪安山岩,角闪安山岩,岩性
紫红色辉石岩,辉石岩,岩性
紫红色辉石苏长岩,辉石苏长岩,岩性
紫红色辉绿岩,辉绿岩,岩性
紫红色辉绿岩脉,辉绿岩脉,岩性
紫红色辉长岩,辉长岩,岩性
紫红色金伯利岩,金伯利岩,岩性
紫红色闪长岩,闪长岩,岩性
紫红色页岩,页岩,岩性
红色二辉橄榄岩,二辉橄榄岩,岩性
红色二长岩,二长岩,岩性
红色二长花岗岩,二长花岗岩,岩性
红色二长闪长岩,二长闪长岩,岩性
红色伟晶岩,伟晶岩,岩性
红色凝灰岩,凝灰岩,岩性
红色千枚岩,千枚岩,岩性
红色响岩,响岩,岩性
红色大理岩,大理岩,岩性
红色安山岩,安山岩,岩性
红色拉斑玄武岩,拉斑玄武岩,岩性
红色斜长花岗岩,斜长花岗岩,岩性
红色方辉橄榄岩,方辉橄榄岩,岩性
红色板岩,板岩,岩性
红色橄榄玄武岩,橄榄玄武岩,岩性
红色正长岩,正长岩,岩性
红色泥岩,泥岩,岩性
红色泥灰岩,泥灰岩,岩性
红色流纹岩,流纹岩,岩性
红色火山碎屑岩,火山碎屑岩,岩性
红色火山角砾岩,火山角砾岩,岩性
红色灰岩,灰岩,岩性
红色片岩,片岩,岩性
红色片麻岩,片麻岩,岩性
红色玄武岩,玄武岩,岩性
红色玻屑凝灰岩,玻屑凝灰岩,岩性
红色白云岩,白云岩,岩性
红色白云质灰岩,白云质灰岩,岩性
红色石灰岩,石灰岩,岩性
红色石英岩,石英岩,岩性
红色石英正长岩,石英正长岩,岩性
红色砂岩,砂岩,岩性
红色砾岩,砾岩,岩性
红色碱性玄武岩,碱性玄武岩,岩性
红色碱长花岗岩,碱长花岗岩,岩性
红色粉砂岩,粉砂岩,岩性
红色糜棱岩,糜棱岩,岩性
红色细晶岩,细晶岩,岩性
红色花岗岩,花岗岩,岩性
红色花岗闪长岩,花岗闪长岩,岩性
红色角砾岩,角砾岩,岩性
红色角闪岩,角闪岩,岩性
红色辉石安山岩,辉石安山岩,岩性
红色辉石岩,辉石岩,岩性
红色辉绿岩,辉绿岩,岩性
红色辉绿岩脉,辉绿岩脉,岩性
红色辉长岩,辉长岩,岩性
红色闪长岩,闪长岩,岩性
红色闪长玢岩,闪长玢岩,岩性
红色霞石正长岩,霞石正长岩,岩性
红色霞石闪长岩,霞石闪长岩,岩性
红色页岩,页岩,岩性
绿帘石千枚岩,绿帘石千枚岩,岩性
绿帘石大理岩,绿帘石大理岩,岩性
绿帘石片岩,绿帘石片岩,岩性
绿帘石石英岩,绿帘石石英岩,岩性
绿帘石糜棱岩,绿帘石糜棱岩,岩性
绿片岩化千枚岩,绿片岩化千枚岩,岩性
绿片岩化大理岩,绿片岩化大理岩,岩性
绿片岩化板岩,绿片岩化板岩,岩性
绿片岩化片岩,绿片岩化片岩,岩性
绿片岩化片麻岩,绿片岩化片麻岩,岩性
绿片岩化石英岩,绿片岩化石英岩,岩性
绿片岩化糜棱岩,绿片岩化糜棱岩,岩性
绿色二长岩,二长岩,岩性
绿色二长花岗岩,二长花岗岩,岩性
绿色二长闪长岩,二长闪长岩,岩性
绿色凝灰岩,凝灰岩,岩性
绿色凝灰熔岩,凝灰熔岩,岩性
绿色千枚岩,千枚岩,岩性
绿色大理岩,大理岩,岩性
绿色安山岩,安山岩,岩性
绿色岩屑凝灰岩,岩屑凝灰岩,岩性
绿色拉斑玄武岩,拉斑玄武岩,岩性
绿色板岩,板岩,岩性
绿色橄榄辉长岩,橄榄辉长岩,岩性
绿色正长岩,正长岩,岩性
绿色正长花岗岩,正长花岗岩,岩性
绿色泡沫熔岩,泡沫熔岩,岩性
绿色泥岩,泥岩,岩性
绿色泥灰岩,泥灰岩,岩性
绿色流纹岩,流纹岩,岩性
绿色火山集块岩,火山集块岩,岩性
绿色灰岩,灰岩,岩性
绿色熔结凝灰岩,熔结凝灰岩,岩性
绿色片岩,片岩,岩性
绿色片麻岩,片麻岩,岩性
绿色玄武岩,玄武岩,岩性
绿色玻基安山岩,玻基安山岩,岩性
绿色玻基玄武岩,玻基玄武岩,岩性
绿色白云岩,白云岩,岩性
绿色白云质灰岩,白云质灰岩,岩性
绿色石灰岩,石灰岩,岩性
绿色石英岩,石英岩,岩性
绿色石英正长岩,石英正长岩,岩性
绿色石英闪长岩,石英闪长岩,岩性
绿色砂岩,砂岩,岩性
绿色砾岩,砾岩,岩性
绿色碱长花岗岩,碱长花岗岩,岩性
绿色粉砂岩,粉砂岩,岩性
绿色粗面岩,粗面岩,岩性
绿色糜棱岩,糜棱岩,岩性
绿色花岗伟晶岩,花岗伟晶岩,岩性
绿色花岗岩,花岗岩,岩性
绿色花岗斑岩,花岗斑岩,岩性
绿色花岗闪长岩,花岗闪长岩,岩性
绿色英安岩,英安岩,岩性
绿色角砾岩,角砾岩,岩性
绿色角砾熔岩,角砾熔岩,岩性
绿色角闪安山岩,角闪安山岩,岩性
绿色辉石安山岩,辉石安山岩,岩性
绿色辉石苏长岩,辉石苏长岩,岩性
绿色辉绿岩,辉绿岩,岩性
绿色辉绿岩脉,辉绿岩脉,岩性
绿色辉长岩,辉长岩,岩性
绿色辉长岩脉,辉长岩脉,岩性
绿色钾长花岗岩,钾长花岗岩,岩性
绿色闪长岩,闪长岩,岩性
绿色霞石正长岩,霞石正长岩,岩性
绿色页岩,页岩,岩性
致密二辉橄榄岩,致密二辉橄榄岩,岩性
致密二长岩,致密二长岩,岩性
致密二长花岗岩,致密二长花岗岩,岩性
致密伟晶岩,致密伟晶岩,岩性
致密凝灰角砾岩,致密凝灰角砾岩,岩性
致密千枚岩,致密千枚岩,岩性
致密大理岩,致密大理岩,岩性
致密岩屑凝灰岩,致密岩屑凝灰岩,岩性
致密斜长花岗岩,致密斜长花岗岩,岩性
致密方辉橄榄岩,致密方辉橄榄岩,岩性
致密晶屑凝灰岩,致密晶屑凝灰岩,岩性
致密橄榄岩,致密橄榄岩,岩性
致密橄榄辉长岩,致密橄榄辉长岩,岩性
致密正长岩,致密正长岩,岩性
致密正长花岗岩,致密正长花岗岩,岩性
致密泥岩,致密泥岩,岩性
致密泥灰岩,致密泥灰岩,岩性
致密火山角砾岩,致密火山角砾岩,岩性
致密灰岩,致密灰岩,岩性
致密熔结凝灰岩,致密熔结凝灰岩,岩性
致密片麻岩,致密片麻岩,岩性
致密玄武岩脉,致密玄武岩脉,岩性
致密白云岩,致密白云岩,岩性
致密白云质灰岩,致密白云质灰岩,岩性
致密石灰岩,致密石灰岩,岩性
致密石英岩,致密石英岩,岩性
致密石英斑岩,致密石英斑岩,岩性
致密石英闪长岩,致密石英闪长岩,岩性
致密砂岩,致密砂岩,岩性
致密砾岩,致密砾岩,岩性
致密粉砂岩,致密粉砂岩,岩性
致密粗面安山岩,致密粗面安山岩,岩性
致密粗面岩,致密粗面岩,岩性
致密花岗斑岩,致密花岗斑岩,岩性
致密花岗细晶岩,致密花岗细晶岩,岩性
致密花岗闪长岩,致密花岗闪长岩,岩性
致密苏长岩,致密苏长岩,岩性
致密英安岩,致密英安岩,岩性
致密角砾岩,致密角砾岩,岩性
致密角砾熔岩,致密角砾熔岩,岩性
致密角闪安山岩,致密角闪安山岩,岩性
致密角闪岩,致密角闪岩,岩性
致密辉绿岩脉,致密辉绿岩脉,岩性
致密辉长岩脉,致密辉长岩脉,岩性
致密金伯利岩,致密金伯利岩,岩性
致密钾长花岗岩,致密钾长花岗岩,岩性
致密霞石闪长岩,致密霞石闪长岩,岩性
致密麻粒岩,致密麻粒岩,岩性
花岗斑岩,花岗斑岩,岩性
蛇纹岩,蛇纹岩,岩性
褐色二辉橄榄岩,二辉橄榄岩,岩性
褐色二长闪长岩,二长闪长岩,岩性
褐色凝灰岩,凝灰岩,岩性
褐色凝灰熔岩,凝灰熔岩,岩性
褐色千枚岩,千枚岩,岩性
褐色响岩,响岩,岩性
褐色大理岩,大理岩,岩性
褐色安山岩,安山岩,岩性
褐色板岩,板岩,岩性
褐色橄榄辉长岩,橄榄辉长岩,岩性
褐色正长岩,正长岩,岩性
褐色正长花岗岩,正长花岗岩,岩性
褐色泥岩,泥岩,岩性
褐色泥灰岩,泥灰岩,岩性
褐色流纹岩,流纹岩,岩性
褐色火山碎屑岩,火山碎屑岩,岩性
褐色灰岩,灰岩,岩性
褐色煌斑岩,煌斑岩,岩性
褐色片岩,片岩,岩性
褐色片麻岩,片麻岩,岩性
褐色玄武岩,玄武岩,岩性
褐色玻基安山岩,玻基安山岩,岩性
褐色玻基玄武岩,玻基玄武岩,岩性
褐色玻屑凝灰岩,玻屑凝灰岩,岩性
褐色白云岩,白云岩,岩性
褐色白云质灰岩,白云质灰岩,岩性
褐色石灰岩,石灰岩,岩性
褐色石英岩,石英岩,岩性
褐色石英闪长岩,石英闪长岩,岩性
褐色砂岩,砂岩,岩性
褐色砾岩,砾岩,岩性
褐色碱性花岗岩,碱性花岗岩,岩性
褐色粗面岩,粗面岩,岩性
褐色糜棱岩,糜棱岩,岩性
褐色纯橄榄岩,纯橄榄岩,岩性
褐色花岗伟晶岩,花岗伟晶岩,岩性
褐色花岗岩,花岗岩,岩性
褐色花岗细晶岩,花岗细晶岩,岩性
褐色花岗闪长岩,花岗闪长岩,岩性
褐色苏长岩,苏长岩,岩性
褐色英云闪长岩,英云闪长岩,岩性
褐色英安岩,英安岩,岩性
褐色角砾凝灰岩,角砾凝灰岩,岩性
褐色角砾岩,角砾岩,岩性
褐色角砾熔岩,角砾熔岩,岩性
褐色角闪安山岩,角闪安山岩,岩性
褐色辉石安山岩,辉石安山岩,岩性
褐色辉石苏长岩,辉石苏长岩,岩性
褐色辉绿岩,辉绿岩,岩性
褐色辉绿岩脉,辉绿岩脉,岩性
褐色辉长岩,辉长岩,岩性
褐色金伯利岩,金伯利岩,岩性
褐色钾长花岗岩,钾长花岗岩,岩性
褐色闪长岩,闪长岩,岩性
褐色闪长玢岩,闪长玢岩,岩性
褐色霞石闪长岩,霞石闪长岩,岩性
褐色页岩,页岩,岩性
褐色麻粒岩,麻粒岩,岩性
角砾状二辉橄榄岩,二辉橄榄岩,岩性
角砾状二长岩,二长岩,岩性
角砾状二长花岗岩,二长花岗岩,岩性
角砾状二长闪长岩,二长闪长岩,岩性
角砾状伟晶岩,伟晶岩,岩性
角砾状凝灰岩,凝灰岩,岩性
角砾状凝灰熔岩,凝灰熔岩,岩性
角砾状凝灰角砾岩,凝灰角砾岩,岩性
角砾状千枚岩,千枚岩,岩性
角砾状响岩,响岩,岩性
角砾状安山岩,安山岩,岩性
角砾状拉斑玄武岩,拉斑玄武岩,岩性
角砾状斑岩,斑岩,岩性
角砾状板岩,板岩,岩性
角砾状橄榄岩,橄榄岩,岩性
角砾状橄榄辉长岩,橄榄辉长岩,岩性
角砾状正长岩,正长岩,岩性
角砾状正长花岗岩,正长花岗岩,岩性
角砾状泥岩,泥岩,岩性
角砾状流纹岩,流纹岩,岩性
角砾状火山角砾岩,火山角砾岩,岩性
角砾状灰岩,灰岩,岩性
角砾状煌斑岩,煌斑岩,岩性
角砾状熔结凝灰岩,熔结凝灰岩,岩性
角砾状片岩,片岩,岩性
角砾状玄武岩,玄武岩,岩性
角砾状玻基安山岩,玻基安山岩,岩性
角砾状玻基玄武岩,玻基玄武岩,岩性
角砾状玻屑凝灰岩,玻屑凝灰岩,岩性
角砾状石英岩,石英岩,岩性
角砾状石英斑岩,石英斑岩,岩性
角砾状石英正长岩,石英正长岩,岩性
角砾状石英闪长岩,石英闪长岩,岩性
角砾状砂岩,砂岩,岩性
角砾状砾岩,砾岩,岩性
角砾状碱长花岗岩,碱长花岗岩,岩性
角砾状粉砂岩,粉砂岩,岩性
角砾状粗面安山岩,粗面安山岩,岩性
角砾状粗面岩,粗面岩,岩性
角砾状糜棱岩,糜棱岩,岩性
角砾状纯橄榄岩,纯橄榄岩,岩性
角砾状花岗岩,花岗岩,岩性
角砾状花岗斑岩,花岗斑岩,岩性
角砾状花岗闪长岩,花岗闪长岩,岩性
角砾状苏长岩,苏长岩,岩性
角砾状英云闪长岩,英云闪长岩,岩性
角砾状英安岩,英安岩,岩性
角砾状蛇纹岩,蛇纹岩,岩性
角砾状角砾凝灰岩,角砾凝灰岩,岩性
角砾状角砾岩,角砾岩,岩性
角砾状角闪安山岩,角闪安山岩,岩性
角砾状角闪岩,角闪岩,岩性
角砾状辉石岩,辉石岩,岩性
角砾状辉石苏长岩,辉石苏长岩,岩性
角砾状辉绿岩,辉绿岩,岩性
角砾状辉绿岩脉,辉绿岩脉,岩性
角砾状辉绿斑岩,辉绿斑岩,岩性
角砾状辉长岩,辉长岩,岩性
角砾状金伯利岩,金伯利岩,岩性
角砾状钾长花岗岩,钾长花岗岩,岩性
角砾状闪长岩,闪长岩,岩性
角砾状闪长斑岩,闪长斑岩,岩性
角砾状闪长玢岩,闪长玢岩,岩性
角砾状集块岩,集块岩,岩性
角砾状霞石正长岩,霞石正长岩,岩性
角砾状页岩,页岩,岩性
角砾状麻粒岩,麻粒岩,岩性
角闪石千枚岩,角闪石千枚岩,岩性
角闪石大理岩,角闪石大理岩,岩性
角闪石板岩,角闪石板岩,岩性
角闪石片岩,角闪石片岩,岩性
角闪石片麻岩,角闪石片麻岩,岩性
角闪石石英岩,角闪石石英岩,岩性
角闪石糜棱岩,角闪石糜棱岩,岩性
辉绿斑岩,辉绿斑岩,岩性
辉长岩脉,辉长岩脉,岩性
透镜状泥岩,泥岩,岩性
透镜状砂岩,砂岩,岩性
透镜状砾岩,砾岩,岩性
透镜状角砾岩,角砾岩,岩性
透镜状页岩,页岩,岩性
金伯利岩,金伯利岩,岩性
钙质泥灰岩,钙质泥灰岩,岩性
钙质灰岩,钙质灰岩,岩性
钙质白云岩,钙质白云岩,岩性
钙质白云质灰岩,钙质白云质灰岩,岩性
钙质石灰岩,钙质石灰岩,岩性
钙质胶结泥岩,钙质胶结泥岩,岩性
钙质胶结砂岩,钙质胶结砂岩,岩性
钙质胶结砾岩,钙质胶结砾岩,岩性
钙质胶结粉砂岩,钙质胶结粉砂岩,岩性
钙质胶结角砾岩,钙质胶结角砾岩,岩性
钙质胶结页岩,钙质胶结页岩,岩性
钾长安山岩,钾长安山岩,岩性
钾长正长岩,钾长正长岩,岩性
钾长流纹岩,钾长流纹岩,岩性
钾长玄武岩,钾长玄武岩,岩性
钾长辉绿岩,钾长辉绿岩,岩性
钾长辉长岩,钾长辉长岩,岩性
钾长闪长岩,钾长闪长岩,岩性
铁质灰岩,铁质灰岩,岩性
铁质胶结砂岩,铁质胶结砂岩,岩性
铁质胶结砾岩,铁质胶结砾岩,岩性
铁质胶结粉砂岩,铁质胶结粉砂岩,岩性
铁质胶结角砾岩,铁质胶结角砾岩,岩性
铁质胶结页岩,铁质胶结页岩,岩性
长石质泥岩,长石质泥岩,岩性
长石质泥灰岩,长石质泥灰岩,岩性
长石质灰岩,长石质灰岩,岩性
长石质白云岩,长石质白云岩,岩性
长石质白云质灰岩,长石质白云质灰岩,岩性
长石质石灰岩,长石质石灰岩,岩性
长石质砂岩,长石质砂岩,岩性
长石质砾岩,长石质砾岩,岩性
长石质粉砂岩,长石质粉砂岩,岩性
长石质角砾岩,长石质角砾岩,岩性
长石质页岩,长石质页岩,岩性
闪长斑岩,闪长斑岩,岩性
闪长玢岩,闪长玢岩,岩性
集块岩,集块岩,岩性
霞石正长岩,霞石正长岩,岩性
霞石闪长岩,霞石闪长岩,岩性
青灰色二辉橄榄岩,二辉橄榄岩,岩性
青灰色二长岩,二长岩,岩性
青灰色二长花岗岩,二长花岗岩,岩性
青灰色千枚岩,千枚岩,岩性
青灰色响岩,响岩,岩性
青灰色大理岩,大理岩,岩性
青灰色安山岩,安山岩,岩性
青灰色斜长花岗岩,斜长花岗岩,岩性
青灰色板岩,板岩,岩性
青灰色橄榄岩,橄榄岩,岩性
青灰色橄榄玄武岩,橄榄玄武岩,岩性
青灰色橄榄辉长岩,橄榄辉长岩,岩性
青灰色正长岩,正长岩,岩性
青灰色正长花岗岩,正长花岗岩,岩性
青灰色泥灰岩,泥灰岩,岩性
青灰色流纹岩,流纹岩,岩性
青灰色灰岩,灰岩,岩性
青灰色熔结凝灰岩,熔结凝灰岩,岩性
青灰色片岩,片岩,岩性
青灰色片麻岩,片麻岩,岩性
青灰色玄武岩,玄武岩,岩性
青灰色玄武岩脉,玄武岩脉,岩性
青灰色玻屑凝灰岩,玻屑凝灰岩,岩性
青灰色白云岩,白云岩,岩性
青灰色白云质灰岩,白云质灰岩,岩性
青灰色石灰岩,石灰岩,岩性
青灰色石英岩,石英岩,岩性
青灰色石英闪长岩,石英闪长岩,岩性
青灰色砂岩,砂岩,岩性
青灰色砾岩,砾岩,岩性
青灰色碱性花岗岩,碱性花岗岩,岩性
青灰色碱长花岗岩,碱长花岗岩,岩性
青灰色粉砂岩,粉砂岩,岩性
青灰色粗面安山岩,粗面安山岩,岩性
青灰色粗面岩,粗面岩,岩性
青灰色糜棱岩,糜棱岩,岩性
青灰色花岗伟晶岩,花岗伟晶岩,岩性
青灰色花岗岩,花岗岩,岩性
青灰色花岗斑岩,花岗斑岩,岩性
青灰色苏长岩,苏长岩,岩性
青灰色英云闪长岩,英云闪长岩,岩性
青灰色角砾凝灰岩,角砾凝灰岩,岩性
青灰色角砾岩,角砾岩,岩性
青灰色角砾熔岩,角砾熔岩,岩性
青灰色角闪安山岩,角闪安山岩,岩性
青灰色角闪岩,角闪岩,岩性
青灰色辉绿岩,辉绿岩,岩性
青灰色辉绿岩脉,辉绿岩脉,岩性
青灰色辉长岩,辉长岩,岩性
青灰色金伯利岩,金伯利岩,岩性
青灰色闪长岩,闪长岩,岩性
青灰色霞石闪长岩,霞石闪长岩,岩性
青灰色页岩,页岩,岩性
青灰色麻粒岩,麻粒岩,岩性
颗粒泥灰岩,颗粒泥灰岩,岩性
颗粒白云岩,颗粒白云岩,岩性
颗粒白云质灰岩,颗粒白云质灰岩,岩性
颗粒石灰岩,颗粒石灰岩,岩性
鲕状泥岩,鲕状泥岩,岩性
鲕状泥灰岩,鲕状泥灰岩,岩性
鲕状灰岩,鲕状灰岩,岩性
鲕状白云岩,鲕状白云岩,岩性
鲕状白云质灰岩,鲕状白云质灰岩,岩性
鲕状石灰岩,鲕状石灰岩,岩性
鲕状砂岩,鲕状砂岩,岩性
鲕状砾岩,鲕状砾岩,岩性
鲕状粉砂岩,鲕状粉砂岩,岩性
鲕状角砾岩,鲕状角砾岩,岩性
鲕状页岩,鲕状页岩,岩性
黄色二长岩,二长岩,岩性
黄色二长花岗岩,二长花岗岩,岩性
黄色凝灰岩,凝灰岩,岩性
黄色凝灰角砾岩,凝灰角砾岩,岩性
黄色千枚岩,千枚岩,岩性
黄色大理岩,大理岩,岩性
黄色安山岩,安山岩,岩性
黄色岩屑凝灰岩,岩屑凝灰岩,岩性
黄色拉斑玄武岩,拉斑玄武岩,岩性
黄色板岩,板岩,岩性
黄色橄榄岩,橄榄岩,岩性
黄色橄榄玄武岩,橄榄玄武岩,岩性
黄色橄榄辉长岩,橄榄辉长岩,岩性
黄色正长岩,正长岩,岩性
黄色正长花岗岩,正长花岗岩,岩性
黄色泥岩,泥岩,岩性
黄色泥灰岩,泥灰岩,岩性
黄色流纹岩,流纹岩,岩性
黄色灰岩,灰岩,岩性
黄色煌斑岩,煌斑岩,岩性
黄色熔结凝灰岩,熔结凝灰岩,岩性
黄色片岩,片岩,岩性
黄色片麻岩,片麻岩,岩性
黄色玄武岩,玄武岩,岩性
黄色玻屑凝灰岩,玻屑凝灰岩,岩性
黄色白云岩,白云岩,岩性
黄色白云质灰岩,白云质灰岩,岩性
黄色石灰岩,石灰岩,岩性
黄色石英岩,石英岩,岩性
黄色石英斑岩,石英斑岩,岩性
黄色石英正长岩,石英正长岩,岩性
黄色石英闪长岩,石英闪长岩,岩性
黄色砂岩,砂岩,岩性
黄色砾岩,砾岩,岩性
黄色碱长花岗岩,碱长花岗岩,岩性
黄色粉砂岩,粉砂岩,岩性
黄色粗面安山岩,粗面安山岩,岩性
黄色糜棱岩,糜棱岩,岩性
黄色纯橄榄岩,纯橄榄岩,岩性
黄色细晶岩,细晶岩,岩性
黄色花岗岩,花岗岩,岩性
黄色花岗斑岩,花岗斑岩,岩性
黄色花岗细晶岩,花岗细晶岩,岩性
黄色苏长岩,苏长岩,岩性
黄色英云闪长岩,英云闪长岩,岩性
黄色角砾凝灰岩,角砾凝灰岩,岩性
黄色角砾岩,角砾岩,岩性
黄色角砾熔岩,角砾熔岩,岩性
黄色角闪安山岩,角闪安山岩,岩性
黄色角闪岩,角闪岩,岩性
黄色辉石安山岩,辉石安山岩,岩性
黄色辉石岩,辉石岩,岩性
黄色辉石苏长岩,辉石苏长岩,岩性
黄色辉绿岩,辉绿岩,岩性
黄色辉绿岩脉,辉绿岩脉,岩性
黄色辉长岩,辉长岩,岩性
黄色辉长岩脉,辉长岩脉,岩性
黄色金伯利岩,金伯利岩,岩性
黄色钾长花岗岩,钾长花岗岩,岩性
黄色闪长岩,闪长岩,岩性
黄色闪长玢岩,闪长玢岩,岩性
黄色霞石正长岩,霞石正长岩,岩性
黄色页岩,页岩,岩性
黄色麻粒岩,麻粒岩,岩性
黑色二辉橄榄岩,二辉橄榄岩,岩性
黑色二长花岗岩,二长花岗岩,岩性
黑色二长闪长岩,二长闪长岩,岩性
黑色伟晶岩,伟晶岩,岩性
黑色凝灰岩,凝灰岩,岩性
黑色凝灰熔岩,凝灰熔岩,岩性
黑色凝灰角砾岩,凝灰角砾岩,岩性
黑色千枚岩,千枚岩,岩性
黑色大理岩,大理岩,岩性
黑色安山岩,安山岩,岩性
黑色岩屑凝灰岩,岩屑凝灰岩,岩性
黑色拉斑玄武岩,拉斑玄武岩,岩性
黑色斜长花岗岩,斜长花岗岩,岩性
黑色方辉橄榄岩,方辉橄榄岩,岩性
黑色晶屑凝灰岩,晶屑凝灰岩,岩性
黑色板岩,板岩,岩性
黑色橄榄岩,橄榄岩,岩性
黑色橄榄玄武岩,橄榄玄武岩,岩性
黑色橄榄辉长岩,橄榄辉长岩,岩性
黑色正长岩,正长岩,岩性
黑色正长花岗岩,正长花岗岩,岩性
黑色泥岩,泥岩,岩性
黑色泥灰岩,泥灰岩,岩性
黑色流纹岩,流纹岩,岩性
黑色火山碎屑岩,火山碎屑岩,岩性
黑色火山角砾岩,火山角砾岩,岩性
黑色灰岩,灰岩,岩性
黑色煌斑岩,煌斑岩,岩性
黑色熔结凝灰岩,熔结凝灰岩,岩性
黑色片岩,片岩,岩性
黑色片麻岩,片麻岩,岩性
黑色玄武岩,玄武岩,岩性
黑色玄武岩脉,玄武岩脉,岩性
黑色玻基玄武岩,玻基玄武岩,岩性
黑色白云岩,白云岩,岩性
黑色白云质灰岩,白云质灰岩,岩性
黑色石灰岩,石灰岩,岩性
黑色石英岩,石英岩,岩性
黑色石英闪长岩,石英闪长岩,岩性
黑色砂岩,砂岩,岩性
黑色砾岩,砾岩,岩性
黑色碱性玄武岩,碱性玄武岩,岩性
黑色碱长花岗岩,碱长花岗岩,岩性
黑色粉砂岩,粉砂岩,岩性
黑色糜棱岩,糜棱岩,岩性
黑色纯橄榄岩,纯橄榄岩,岩性
黑色细晶岩,细晶岩,岩性
黑色花岗岩,花岗岩,岩性
黑色角砾凝灰岩,角砾凝灰岩,岩性
黑色角砾岩,角砾岩,岩性
黑色角闪岩,角闪岩,岩性
黑色辉石岩,辉石岩,岩性
黑色辉石苏长岩,辉石苏长岩,岩性
黑色辉绿岩,辉绿岩,岩性
黑色辉绿岩脉,辉绿岩脉,岩性
黑色辉长岩,辉长岩,岩性
黑色辉长岩脉,辉长岩脉,岩性
黑色金伯利岩,金伯利岩,岩性
黑色钾长花岗岩,钾长花岗岩,岩性
黑色闪长岩,闪长岩,岩性
黑色霞石正长岩,霞石正长岩,岩性
黑色霞石闪长岩,霞石闪长岩,岩性
黑色页岩,页岩,岩性
黑色麻粒岩,麻粒岩,岩性
二辉橄榄岩岩体,二辉橄榄岩,岩性
二辉橄榄岩岩层,二辉橄榄岩,岩性
二辉橄榄岩岩性,二辉橄榄岩,岩性
二长岩岩体,二长岩,岩性
二长岩岩层,二长岩,岩性
二长岩岩性,二长岩,岩性
二长花岗岩岩体,二长花岗岩,岩性
二长花岗岩岩层,二长花岗岩,岩性
二长花岗岩岩性,二长花岗岩,岩性
二长闪长岩岩体,二长闪长岩,岩性
二长闪长岩岩层,二长闪长岩,岩性
二长闪长岩岩性,二长闪长岩,岩性
云母片岩岩体,云母片岩,岩性
云母片岩岩层,云母片岩,岩性
云母片岩岩性,云母片岩,岩性
亮晶灰岩岩体,亮晶灰岩,岩性
亮晶灰岩岩层,亮晶灰岩,岩性
亮晶灰岩岩性,亮晶灰岩,岩性
伟晶岩岩体,伟晶岩,岩性
伟晶岩岩层,伟晶岩,岩性
伟晶岩岩性,伟晶岩,岩性
凝灰岩岩体,凝灰岩,岩性
凝灰岩岩层,凝灰岩,岩性
凝灰岩岩性,凝灰岩,岩性
凝灰熔岩岩体,凝灰熔岩,岩性
凝灰熔岩岩层,凝灰熔岩,岩性
凝灰熔岩岩性,凝灰熔岩,岩性
凝灰角砾岩岩体,凝灰角砾岩,岩性
凝灰角砾岩岩层,凝灰角砾岩,岩性
凝灰角砾岩岩性,凝灰角砾岩,岩性
凝灰质泥岩岩体,凝灰质泥岩,岩性
凝灰质泥岩岩层,凝灰质泥岩,岩性
凝灰质泥岩岩性,凝灰质泥岩,岩性
凝灰质砂岩岩体,凝灰质砂岩,岩性
凝灰质砂岩岩层,凝灰质砂岩,岩性
凝灰质砂岩岩性,凝灰质砂岩,岩性
凝灰质粉砂岩岩体,凝灰质粉砂岩,岩性
凝灰质粉砂岩岩层,凝灰质粉砂岩,岩性
凝灰质粉砂岩岩性,凝灰质粉砂岩,岩性
凝灰质页岩岩体,凝灰质页岩,岩性
凝灰质页岩岩层,凝灰质页岩,岩性
凝灰质页岩岩性,凝灰质页岩,岩性
千枚岩岩体,千枚岩,岩性
千枚岩岩层,千枚岩,岩性
千枚岩岩性,千枚岩,岩性
变粒岩岩体,变粒岩,岩性
变粒岩岩层,变粒岩,岩性
变粒岩岩性,变粒岩,岩性
叠层石灰岩岩体,叠层石灰岩,岩性
叠层石灰岩岩层,叠层石灰岩,岩性
叠层石灰岩岩性,叠层石灰岩,岩性
含煤泥岩岩体,含煤泥岩,岩性
含煤泥岩岩层,含煤泥岩,岩性
含煤泥岩岩性,含煤泥岩,岩性
含煤砂岩岩体,含煤砂岩,岩性
含煤砂岩岩层,含煤砂岩,岩性
含煤砂岩岩性,含煤砂岩,岩性
含燧石灰岩岩体,含燧石灰岩,岩性
含燧石灰岩岩层,含燧石灰岩,岩性
含燧石灰岩岩性,含燧石灰岩,岩性
响岩岩体,响岩,岩性
响岩岩层,响岩,岩性
响岩岩性,响岩,岩性
基底砾岩岩体,基底砾岩,岩性
基底砾岩岩层,基底砾岩,岩性
基底砾岩岩性,基底砾岩,岩性
大理岩岩体,大理岩,岩性
大理岩岩层,大理岩,岩性
大理岩岩性,大理岩,岩性
安山岩岩体,安山岩,岩性
安山岩岩层,安山岩,岩性
安山岩岩性,安山岩,岩性
岩屑凝灰岩岩体,岩屑凝灰岩,岩性
岩屑凝灰岩岩层,岩屑凝灰岩,岩性
岩屑凝灰岩岩性,岩屑凝灰岩,岩性
岩屑砂岩岩体,岩屑砂岩,岩性
岩屑砂岩岩层,岩屑砂岩,岩性
岩屑砂岩岩性,岩屑砂岩,岩性
拉斑玄武岩岩体,拉斑玄武岩,岩性
拉斑玄武岩岩层,拉斑玄武岩,岩性
拉斑玄武岩岩性,拉斑玄武岩,岩性
斜长花岗岩岩体,斜长花岗岩,岩性
斜长花岗岩岩层,斜长花岗岩,岩性
斜长花岗岩岩性,斜长花岗岩,岩性
方辉橄榄岩岩体,方辉橄榄岩,岩性
方辉橄榄岩岩层,方辉橄榄岩,岩性
方辉橄榄岩岩性,方辉橄榄岩,岩性
晶屑凝灰岩岩体,晶屑凝灰岩,岩性
晶屑凝灰岩岩层,晶屑凝灰岩,岩性
晶屑凝灰岩岩性,晶屑凝灰岩,岩性
杂砂岩岩体,杂砂岩,岩性
杂砂岩岩层,杂砂岩,岩性
杂砂岩岩性,杂砂岩,岩性
条带状片麻岩岩体,片麻岩,岩性
条带状片麻岩岩层,片麻岩,岩性
条带状片麻岩岩性,片麻岩,岩性
板岩岩体,板岩,岩性
板岩岩层,板岩,岩性
板岩岩性,板岩,岩性
榴辉岩岩体,榴辉岩,岩性
榴辉岩岩层,榴辉岩,岩性
榴辉岩岩性,榴辉岩,岩性
橄榄岩岩体,橄榄岩,岩性
橄榄岩岩层,橄榄岩,岩性
橄榄岩岩性,橄榄岩,岩性
橄榄玄武岩岩体,橄榄玄武岩,岩性
橄榄玄武岩岩层,橄榄玄武岩,岩性
橄榄玄武岩岩性,橄榄玄武岩,岩性
橄榄辉长岩岩体,橄榄辉长岩,岩性
橄榄辉长岩岩层,橄榄辉长岩,岩性
橄榄辉长岩岩性,橄榄辉长岩,岩性
正长岩岩体,正长岩,岩性
正长岩岩层,正长岩,岩性
正长岩岩性,正长岩,岩性
正长花岗岩岩体,正长花岗岩,岩性
正长花岗岩岩层,正长花岗岩,岩性
正长花岗岩岩性,正长花岗岩,岩性
油页岩岩体,油页岩,岩性
油页岩岩层,油页岩,岩性
油页岩岩性,油页岩,岩性
泡沫熔岩岩体,泡沫熔岩,岩性
泡沫熔岩岩层,泡沫熔岩,岩性
泡沫熔岩岩性,泡沫熔岩,岩性
泥岩岩体,泥岩,岩性
泥岩岩层,泥岩,岩性
泥岩岩性,泥岩,岩性
泥晶灰岩岩体,泥晶灰岩,岩性
泥晶灰岩岩层,泥晶灰岩,岩性
泥晶灰岩岩性,泥晶灰岩,岩性
泥灰岩岩体,泥灰岩,岩性
泥灰岩岩层,泥灰岩,岩性
泥灰岩岩性,泥灰岩,岩性
流纹岩岩体,流纹岩,岩性
流纹岩岩层,流纹岩,岩性
流纹岩岩性,流纹岩,岩性
混合岩岩体,混合岩,岩性
混合岩岩层,混合岩,岩性
混合岩岩性,混合岩,岩性
滑石岩岩体,滑石岩,岩性
滑石岩岩层,滑石岩,岩性
滑石岩岩性,滑石岩,岩性
火山碎屑岩岩体,火山碎屑岩,岩性
火山碎屑岩岩层,火山碎屑岩,岩性
火山碎屑岩岩性,火山碎屑岩,岩性
火山角砾岩岩体,火山角砾岩,岩性
火山角砾岩岩层,火山角砾岩,岩性
火山角砾岩岩性,火山角砾岩,岩性
火山集块岩岩体,火山集块岩,岩性
火山集块岩岩层,火山集块岩,岩性
火山集块岩岩性,火山集块岩,岩性
灰岩岩体,灰岩,岩性
灰岩岩层,灰岩,岩性
灰岩岩性,灰岩,岩性
灰质砂岩岩体,灰质砂岩,岩性
灰质砂岩岩层,灰质砂岩,岩性
灰质砂岩岩性,灰质砂岩,岩性
炭质泥岩岩体,炭质泥岩,岩性
炭质泥岩岩层,炭质泥岩,岩性
炭质泥岩岩性,炭质泥岩,岩性
炭质页岩岩体,炭质页岩,岩性
炭质页岩岩层,炭质页岩,岩性
炭质页岩岩性,炭质页岩,岩性
煌斑岩岩体,煌斑岩,岩性
煌斑岩岩层,煌斑岩,岩性
煌斑岩岩性,煌斑岩,岩性
煤岩体,煤岩体,岩性
煤岩层,煤岩层,岩性
煤岩性,煤岩性,岩性
熔结凝灰岩岩体,熔结凝灰岩,岩性
熔结凝灰岩岩层,熔结凝灰岩,岩性
熔结凝灰岩岩性,熔结凝灰岩,岩性
片岩岩体,片岩,岩性
片岩岩层,片岩,岩性
片岩岩性,片岩,岩性
片麻岩岩体,片麻岩,岩性
片麻岩岩层,片麻岩,岩性
片麻岩岩性,片麻岩,岩性
玄武岩岩体,玄武岩,岩性
玄武岩岩层,玄武岩,岩性
玄武岩岩性,玄武岩,岩性
玄武岩脉岩体,玄武岩脉,岩性
玄武岩脉岩层,玄武岩脉,岩性
玄武岩脉岩性,玄武岩脉,岩性
玻基安山岩岩体,玻基安山岩,岩性
玻基安山岩岩层,玻基安山岩,岩性
玻基安山岩岩性,玻基安山岩,岩性
玻基玄武岩岩体,玻基玄武岩,岩性
玻基玄武岩岩层,玻基玄武岩,岩性
玻基玄武岩岩性,玻基玄武岩,岩性
玻屑凝灰岩岩体,玻屑凝灰岩,岩性
玻屑凝灰岩岩层,玻屑凝灰岩,岩性
玻屑凝灰岩岩性,玻屑凝灰岩,岩性
生物碎屑灰岩岩体,生物碎屑灰岩,岩性
生物碎屑灰岩岩层,生物碎屑灰岩,岩性
生物碎屑灰岩岩性,生物碎屑灰岩,岩性
白云岩岩体,白云岩,岩性
白云岩岩层,白云岩,岩性
白云岩岩性,白云岩,岩性
白云质大理岩岩体,白云质大理岩,岩性
白云质大理岩岩层,白云质大理岩,岩性
白云质大理岩岩性,白云质大理岩,岩性
白云质泥灰岩岩体,白云质泥灰岩,岩性
白云质泥灰岩岩层,白云质泥灰岩,岩性
白云质泥灰岩岩性,白云质泥灰岩,岩性
白云质灰岩岩体,白云质灰岩,岩性
白云质灰岩岩层,白云质灰岩,岩性
白云质灰岩岩性,白云质灰岩,岩性
眼球状片麻岩岩体,眼球状片麻岩,岩性
眼球状片麻岩岩层,眼球状片麻岩,岩性
眼球状片麻岩岩性,眼球状片麻岩,岩性
石墨片岩岩体,石墨片岩,岩性
石墨片岩岩层,石墨片岩,岩性
石墨片岩岩性,石墨片岩,岩性
石榴子石云母片岩岩体,石榴子石云母片岩,岩性
石榴子石云母片岩岩层,石榴子石云母片岩,岩性
石榴子石云母片岩岩性,石榴子石云母片岩,岩性
石灰岩岩体,石灰岩,岩性
石灰岩岩层,石灰岩,岩性
石灰岩岩性,石灰岩,岩性
石英岩岩体,石英岩,岩性
石英岩岩层,石英岩,岩性
石英岩岩性,石英岩,岩性
石英斑岩岩体,石英斑岩,岩性
石英斑岩岩层,石英斑岩,岩性
石英斑岩岩性,石英斑岩,岩性
石英正长岩岩体,石英正长岩,岩性
石英正长岩岩层,石英正长岩,岩性
石英正长岩岩性,石英正长岩,岩性
石英片岩岩体,石英片岩,岩性
石英片岩岩层,石英片岩,岩性
石英片岩岩性,石英片岩,岩性
石英片麻岩岩体,石英片麻岩,岩性
石英片麻岩岩层,石英片麻岩,岩性
石英片麻岩岩性,石英片麻岩,岩性
石英砂岩岩体,石英砂岩,岩性
石英砂岩岩层,石英砂岩,岩性
石英砂岩岩性,石英砂岩,岩性
石英闪长岩岩体,石英闪长岩,岩性
石英闪长岩岩层,石英闪长岩,岩性
石英闪长岩岩性,石英闪长岩,岩性
砂岩岩体,砂岩,岩性
砂岩岩层,砂岩,岩性
砂岩岩性,砂岩,岩性
砾岩岩体,砾岩,岩性
砾岩岩层,砾岩,岩性
砾岩岩性,砾岩,岩性
硅质灰岩岩体,硅质灰岩,岩性
硅质灰岩岩层,硅质灰岩,岩性
硅质灰岩岩性,硅质灰岩,岩性
硅质页岩岩体,硅质页岩,岩性
硅质页岩岩层,硅质页岩,岩性
硅质页岩岩性,硅质页岩,岩性
碎裂岩岩体,碎裂岩,岩性
碎裂岩岩层,碎裂岩,岩性
碎裂岩岩性,碎裂岩,岩性
碱性玄武岩岩体,碱性玄武岩,岩性
碱性玄武岩岩层,碱性玄武岩,岩性
碱性玄武岩岩性,碱性玄武岩,岩性
碱性花岗岩岩体,碱性花岗岩,岩性
碱性花岗岩岩层,碱性花岗岩,岩性
碱性花岗岩岩性,碱性花岗岩,岩性
碱长花岗岩岩体,碱长花岗岩,岩性
碱长花岗岩岩层,碱长花岗岩,岩性
碱长花岗岩岩性,碱长花岗岩,岩性
礁灰岩岩体,礁灰岩,岩性
礁灰岩岩层,礁灰岩,岩性
礁灰岩岩性,礁灰岩,岩性
粉砂岩岩体,粉砂岩,岩性
粉砂岩岩层,粉砂岩,岩性
粉砂岩岩性,粉砂岩,岩性
糜棱岩岩体,糜棱岩,岩性
糜棱岩岩层,糜棱岩,岩性
糜棱岩岩性,糜棱岩,岩性
纯橄榄岩岩体,纯橄榄岩,岩性
纯橄榄岩岩层,纯橄榄岩,岩性
纯橄榄岩岩性,纯橄榄岩,岩性
绿片岩岩体,绿片岩,岩性
绿片岩岩层,绿片岩,岩性
绿片岩岩性,绿片岩,岩性
花岗伟晶岩岩体,花岗伟晶岩,岩性
花岗伟晶岩岩层,花岗伟晶岩,岩性
花岗伟晶岩岩性,花岗伟晶岩,岩性
花岗岩岩体,花岗岩,岩性
花岗岩岩层,花岗岩,岩性
花岗岩岩性,花岗岩,岩性
花岗斑岩岩体,花岗斑岩,岩性
花岗斑岩岩层,花岗斑岩,岩性
花岗斑岩岩性,花岗斑岩,岩性
花岗细晶岩岩体,花岗细晶岩,岩性
花岗细晶岩岩层,花岗细晶岩,岩性
花岗细晶岩岩性,花岗细晶岩,岩性
花岗闪长岩岩体,花岗闪长岩,岩性
花岗闪长岩岩层,花岗闪长岩,岩性
花岗闪长岩岩性,花岗闪长岩,岩性
苏长岩岩体,苏长岩,岩性
苏长岩岩层,苏长岩,岩性
苏长岩岩性,苏长岩,岩性
英云闪长岩岩体,英云闪长岩,岩性
英云闪长岩岩层,英云闪长岩,岩性
英云闪长岩岩性,英云闪长岩,岩性
英安岩岩体,英安岩,岩性
英安岩岩层,英安岩,岩性
英安岩岩性,英安岩,岩性
蓝片岩岩体,蓝片岩,岩性
蓝片岩岩层,蓝片岩,岩性
蓝片岩岩性,蓝片岩,岩性
藻灰岩岩体,藻灰岩,岩性
藻灰岩岩层,藻灰岩,岩性
藻灰岩岩性,藻灰岩,岩性
蛇纹岩岩体,蛇纹岩,岩性
蛇纹岩岩层,蛇纹岩,岩性
蛇纹岩岩性,蛇纹岩,岩性
角岩岩体,角岩,岩性
角岩岩层,角岩,岩性
角岩岩性,角岩,岩性
角砾凝灰岩岩体,角砾凝灰岩,岩性
角砾凝灰岩岩层,角砾凝灰岩,岩性
角砾凝灰岩岩性,角砾凝灰岩,岩性
角砾岩化岩岩体,角砾岩化岩,岩性
角砾岩化岩岩层,角砾岩化岩,岩性
角砾岩化岩岩性,角砾岩化岩,岩性
角砾岩岩体,角砾岩,岩性
角砾岩岩层,角砾岩,岩性
角砾岩岩性,角砾岩,岩性
角砾灰岩岩体,角砾灰岩,岩性
角砾灰岩岩层,角砾灰岩,岩性
角砾灰岩岩性,角砾灰岩,岩性
角砾熔岩岩体,角砾熔岩,岩性
角砾熔岩岩层,角砾熔岩,岩性
角砾熔岩岩性,角砾熔岩,岩性
角闪安山岩岩体,角闪安山岩,岩性
角闪安山岩岩层,角闪安山岩,岩性
角闪安山岩岩性,角闪安山岩,岩性
角闪岩岩体,角闪岩,岩性
角闪岩岩层,角闪岩,岩性
角闪岩岩性,角闪岩,岩性
角闪片岩岩体,角闪片岩,岩性
角闪片岩岩层,角闪片岩,岩性
角闪片岩岩性,角闪片岩,岩性
角闪片麻岩岩体,角闪片麻岩,岩性
角闪片麻岩岩层,角闪片麻岩,岩性
角闪片麻岩岩性,角闪片麻岩,岩性
辉石安山岩岩体,辉石安山岩,岩性
辉石安山岩岩层,辉石安山岩,岩性
辉石安山岩岩性,辉石安山岩,岩性
辉石岩岩体,辉石岩,岩性
辉石岩岩层,辉石岩,岩性
辉石岩岩性,辉石岩,岩性
辉石苏长岩岩体,辉石苏长岩,岩性
辉石苏长岩岩层,辉石苏长岩,岩性
辉石苏长岩岩性,辉石苏长岩,岩性
辉绿岩岩体,辉绿岩,岩性
辉绿岩岩层,辉绿岩,岩性
辉绿岩岩性,辉绿岩,岩性
辉绿岩脉岩体,辉绿岩脉,岩性
辉绿岩脉岩层,辉绿岩脉,岩性
辉绿岩脉岩性,辉绿岩脉,岩性
辉长岩岩体,辉长岩,岩性
辉长岩岩层,辉长岩,岩性
辉长岩岩性,辉长岩,岩性
辉长岩脉岩体,辉长岩脉,岩性
辉长岩脉岩层,辉长岩脉,岩性
辉长岩脉岩性,辉长岩脉,岩性
金伯利岩岩体,金伯利岩,岩性
金伯利岩岩层,金伯利岩,岩性
金伯利岩岩性,金伯利岩,岩性
钙质砂岩岩体,钙质砂岩,岩性
钙质砂岩岩层,钙质砂岩,岩性
钙质砂岩岩性,钙质砂岩,岩性
钙质页岩岩体,钙质页岩,岩性
钙质页岩岩层,钙质页岩,岩性
钙质页岩岩性,钙质页岩,岩性
钾长花岗岩岩体,钾长花岗岩,岩性
钾长花岗岩岩层,钾长花岗岩,岩性
钾长花岗岩岩性,钾长花岗岩,岩性
铁质砂岩岩体,铁质砂岩,岩性
铁质砂岩岩层,铁质砂岩,岩性
铁质砂岩岩性,铁质砂岩,岩性
长石砂岩岩体,长石砂岩,岩性
长石砂岩岩层,长石砂岩,岩性
长石砂岩岩性,长石砂岩,岩性
闪长岩岩体,闪长岩,岩性
闪长岩岩层,闪长岩,岩性
闪长岩岩性,闪长岩,岩性
闪长玢岩岩体,闪长玢岩,岩性
闪长玢岩岩层,闪长玢岩,岩性
闪长玢岩岩性,闪长玢岩,岩性
霞石正长岩岩体,霞石正长岩,岩性
霞石正长岩岩层,霞石正长岩,岩性
霞石正长岩岩性,霞石正长岩,岩性
霞石闪长岩岩体,霞石闪长岩,岩性
霞石闪长岩岩层,霞石闪长岩,岩性
霞石闪长岩岩性,霞石闪长岩,岩性
页岩岩体,页岩,岩性
页岩岩层,页岩,岩性
页岩岩性,页岩,岩性
颗粒灰岩岩体,颗粒灰岩,岩性
颗粒灰岩岩层,颗粒灰岩,岩性
颗粒灰岩岩性,颗粒灰岩,岩性
鲕粒灰岩岩体,鲕粒灰岩,岩性
鲕粒灰岩岩层,鲕粒灰岩,岩性
鲕粒灰岩岩性,鲕粒灰岩,岩性
麻粒岩岩体,麻粒岩,岩性
麻粒岩岩层,麻粒岩,岩性
麻粒岩岩性,麻粒岩,岩性
黑云母片麻岩岩体,黑云母片麻岩,岩性
黑云母片麻岩岩层,黑云母片麻岩,岩性
黑云母片麻岩岩性,黑云母片麻岩,岩性
丝光沸石,丝光沸石,岩性
伊利石,伊利石,岩性
凹凸棒石,凹凸棒石,岩性
单斜辉石,单斜辉石,岩性
岩盐,岩盐,岩性
微斜长石,微斜长石,岩性
斜方辉石,斜方辉石,岩性
斜长石,斜长石,岩性
方沸石,方沸石,岩性
方解石,方解石,岩性
方铅矿,方铅矿,岩性
普通辉石,普通辉石,岩性
榍石,榍石,岩性
橄榄石,橄榄石,岩性
正长石,正长石,岩性
毒砂,毒砂,通用地质名词
沥青质,沥青质,通用地质名词
沸石,沸石,岩性
海泡石,海泡石,岩性
滑石,滑石,岩性
炭质物,炭质物,通用地质名词
玉髓,玉髓,通用地质名词
白云母,白云母,通用地质名词
石墨,石墨,通用地质名词
石榴子石,石榴子石,岩性
石盐,石盐,通用地质名词
石膏,石膏,通用地质名词
石膏脉,石膏脉,岩性
石英,石英,通用地质名词
硅质,硅质,通用地质名词
硅质充填,硅质充填,通用地质名词
硬石膏,硬石膏,通用地质名词
磁铁矿,磁铁矿,岩性
磷灰石,磷灰石,岩性
绢云母,绢云母,通用地质名词
绿帘石,绿帘石,岩性
绿泥石,绿泥石,岩性
绿脱石,绿脱石,岩性
膨润土,膨润土,通用地质名词
芒硝,芒硝,通用地质名词
菱铁矿,菱铁矿,岩性
萤石,萤石,岩性
蒙脱石,蒙脱石,岩性
蛇纹石,蛇纹石,岩性
蛋白石,蛋白石,岩性
褐铁矿,褐铁矿,岩性
角闪石,角闪石,岩性
赤铁矿,赤铁矿,岩性
辉石,辉石,岩性
辉钼矿,辉钼矿,岩性
辉锑矿,辉锑矿,岩性
辰砂,辰砂,通用地质名词
透闪石,透闪石,岩性
重晶石,重晶石,岩性
钙质,钙质,通用地质名词
钙质充填,钙质充填,通用地质名词
钾长石,钾长石,岩性
铁质充填,铁质充填,通用地质名词
长石,长石,岩性
闪锌矿,闪锌矿,岩性
阳起石,阳起石,岩性
雄黄,雄黄,通用地质名词
雌黄,雌黄,通用地质名词
黄铁矿,黄铁矿,岩性
黄铜矿,黄铜矿,岩性
黑云母,黑云母,通用地质名词
围岩分级,围岩分级,岩性
围岩等级,围岩等级,岩性
岩体基本质量,岩体基本质量,岩性
岩体基本质量分级,岩体基本质量分级,岩性
水的赋存状态,水的赋存状态,通用地质名词
灵敏度,灵敏度,通用地质名词
结构面充填情况,结构面充填情况,通用地质名词
结构面组数,结构面组数,通用地质名词
结构面间距,结构面间距,通用地质名词
交错层理,交错层理,通用地质名词
冲刷面,冲刷面,通用地质名词
孔洞,孔洞,通用地质名词
孔隙,孔隙,通用地质名词
孔隙连通性,孔隙连通性,通用地质名词
平行层理,平行层理,通用地质名词
斜层理,斜层理,通用地质名词
沉积角砾,沉积角砾,通用地质名词
波状层理,波状层理,通用地质名词
波痕,波痕,通用地质名词
泥化带,泥化带,通用地质名词
泥裂,泥裂,通用地质名词
渗透性,渗透性,通用地质名词
滑塌构造,滑塌构造,通用地质名词
生物扰动,生物扰动,通用地质名词
破碎蚀变带,破碎蚀变带,通用地质名词
粒序层理,粒序层理,通用地质名词
蚀变带,蚀变带,通用地质名词
逆层,逆层,通用地质名词
透水性,透水性,通用地质名词
透镜状层理,层理,通用地质名词
递变层理,递变层理,通用地质名词
韵律层理,韵律层理,通用地质名词
顺层,顺层,通用地质名词
顺层软弱面,顺层软弱面,通用地质名词
风化壳,风化壳,通用地质名词
风化裂隙,风化裂隙,构造与结构面
人工堆积,人工堆积,通用地质名词
人工填筑土,人工填筑土,通用地质名词
冰碛,冰碛,通用地质名词
冲洪积砂卵石,冲洪积砂卵石,土与第四纪堆积
冲积,冲积,土与第四纪堆积
卵砾石土,卵砾石土,通用地质名词
可塑淤泥质土,可塑淤泥质土,土与第四纪堆积
可塑淤泥质黏土,可塑淤泥质黏土,土与第四纪堆积
可塑粉土,可塑粉土,土与第四纪堆积
可塑粉质黏土,可塑粉质黏土,土与第四纪堆积
可塑黏土,可塑黏土,土与第四纪堆积
含泥中砂,含泥中砂,通用地质名词
含泥卵石层,含泥卵石层,土与第四纪堆积
含泥块石层,含泥块石层,通用地质名词
含泥淤泥,含泥淤泥,土与第四纪堆积
含泥淤泥质土,含泥淤泥质土,土与第四纪堆积
含泥淤泥质黏土,含泥淤泥质黏土,土与第四纪堆积
含泥漂石层,含泥漂石层,土与第四纪堆积
含泥砂卵石层,含泥砂卵石层,土与第四纪堆积
含泥砾石层,含泥砾石层,土与第四纪堆积
含泥粉土,含泥粉土,土与第四纪堆积
含泥粗砂,含泥粗砂,通用地质名词
含泥细砂,含泥细砂,通用地质名词
含泥黏土,含泥黏土,土与第四纪堆积
含砂中砂,含砂中砂,通用地质名词
含砂卵石层,含砂卵石层,土与第四纪堆积
含砂块石层,含砂块石层,通用地质名词
含砂淤泥,含砂淤泥,土与第四纪堆积
含砂淤泥质土,含砂淤泥质土,土与第四纪堆积
含砂淤泥质黏土,含砂淤泥质黏土,土与第四纪堆积
含砂漂石层,含砂漂石层,土与第四纪堆积
含砂砂卵石层,含砂砂卵石层,土与第四纪堆积
含砂砾石层,含砂砾石层,土与第四纪堆积
含砂粉土,含砂粉土,土与第四纪堆积
含砂粉质黏土,含砂粉质黏土,土与第四纪堆积
含砂粗砂,含砂粗砂,通用地质名词
含砂细砂,含砂细砂,通用地质名词
含砂黏土,含砂黏土,土与第四纪堆积
含砾中砂,含砾中砂,通用地质名词
含砾卵石层,含砾卵石层,土与第四纪堆积
含砾块石层,含砾块石层,通用地质名词
含砾淤泥,含砾淤泥,土与第四纪堆积
含砾淤泥质土,含砾淤泥质土,土与第四纪堆积
含砾漂石层,含砾漂石层,土与第四纪堆积
含砾砂卵石层,含砾砂卵石层,土与第四纪堆积
含砾砾石层,含砾砾石层,土与第四纪堆积
含砾粉土,含砾粉土,土与第四纪堆积
含砾粉质黏土,含砾粉质黏土,土与第四纪堆积
含砾粗砂,含砾粗砂,通用地质名词
含砾细砂,含砾细砂,通用地质名词
含砾黏土,含砾黏土,土与第四纪堆积
坡洪积层,坡洪积层,土与第四纪堆积
密实中砂,密实中砂,通用地质名词
密实卵石层,密实卵石层,土与第四纪堆积
密实块石层,密实块石层,通用地质名词
密实淤泥,密实淤泥,土与第四纪堆积
密实淤泥质土,密实淤泥质土,土与第四纪堆积
密实淤泥质黏土,密实淤泥质黏土,土与第四纪堆积
密实漂石层,密实漂石层,土与第四纪堆积
密实砂卵石层,密实砂卵石层,土与第四纪堆积
密实砾石层,密实砾石层,土与第四纪堆积
密实粉土,密实粉土,土与第四纪堆积
密实粉质黏土,密实粉质黏土,土与第四纪堆积
密实粗砂,密实粗砂,通用地质名词
密实细砂,密实细砂,通用地质名词
密实黏土,密实黏土,土与第四纪堆积
松散中砂,松散中砂,通用地质名词
松散卵石层,松散卵石层,土与第四纪堆积
松散块石层,松散块石层,通用地质名词
松散淤泥,松散淤泥,土与第四纪堆积
松散淤泥质黏土,松散淤泥质黏土,土与第四纪堆积
松散漂石层,松散漂石层,土与第四纪堆积
松散砂卵石层,松散砂卵石层,土与第四纪堆积
松散砾石层,松散砾石层,土与第四纪堆积
松散粉土,松散粉土,土与第四纪堆积
松散粉质黏土,松散粉质黏土,土与第四纪堆积
松散粗砂,松散粗砂,通用地质名词
松散细砂,松散细砂,通用地质名词
松散黏土,松散黏土,土与第四纪堆积
残坡积层,残坡积层,土与第四纪堆积
洪积,洪积,土与第四纪堆积
洪积砾石,洪积砾石,土与第四纪堆积
流塑淤泥,流塑淤泥,土与第四纪堆积
流塑淤泥质土,流塑淤泥质土,土与第四纪堆积
流塑淤泥质黏土,流塑淤泥质黏土,土与第四纪堆积
流塑粉土,流塑粉土,土与第四纪堆积
流塑粉质黏土,流塑粉质黏土,土与第四纪堆积
流塑黏土,流塑黏土,土与第四纪堆积
硬塑淤泥,硬塑淤泥,土与第四纪堆积
硬塑淤泥质土,硬塑淤泥质土,土与第四纪堆积
硬塑淤泥质黏土,硬塑淤泥质黏土,土与第四纪堆积
硬塑粉土,硬塑粉土,土与第四纪堆积
硬塑粉质黏土,硬塑粉质黏土,土与第四纪堆积
硬塑黏土,硬塑黏土,土与第四纪堆积
粉砂,粉砂,通用地质名词
粉质砂,粉质砂,通用地质名词
风积,风积,通用地质名词
风积砂,风积砂,通用地质名词
饱和中砂,饱和中砂,通用地质名词
饱和卵石层,饱和卵石层,土与第四纪堆积
饱和块石层,饱和块石层,通用地质名词
饱和淤泥,饱和淤泥,土与第四纪堆积
饱和淤泥质土,饱和淤泥质土,土与第四纪堆积
饱和淤泥质黏土,饱和淤泥质黏土,土与第四纪堆积
饱和漂石层,饱和漂石层,土与第四纪堆积
饱和砂卵石层,饱和砂卵石层,土与第四纪堆积
饱和砾石层,饱和砾石层,土与第四纪堆积
饱和粉土,饱和粉土,土与第四纪堆积
饱和粉质黏土,饱和粉质黏土,土与第四纪堆积
饱和粗砂,饱和粗砂,通用地质名词
饱和细砂,饱和细砂,通用地质名词
饱和黏土,饱和黏土,土与第四纪堆积
三角洲沉积,三角洲沉积,通用地质名词
冲击破坏,冲击破坏,通用地质名词
初始地应力,初始地应力,通用地质名词
卸荷裂隙,卸荷裂隙,构造与结构面
地应力,地应力,通用地质名词
垂直地应力,垂直地应力,通用地质名词
复合地层,复合地层,通用地质名词
孤石,孤石,不良地质体
巨砾,巨砾,通用地质名词
应力释放,应力释放,通用地质名词
应力重分布,应力重分布,通用地质名词
应变能释放,应变能释放,通用地质名词
弹射块体,弹射块体,通用地质名词
挤压性围岩,挤压性围岩,岩性
松散堆积体,松散堆积体,通用地质名词
水平地应力,水平地应力,通用地质名词
流变,流变,通用地质名词
混合掌子面,混合掌子面,通用地质名词
蠕变,蠕变,通用地质名词
软岩蠕变,软岩蠕变,岩性
不等粒结构,结构,通用地质名词
亮晶,亮晶,通用地质名词
伟晶结构,伟晶结构,通用地质名词
似斑状结构,结构,通用地质名词
凝灰结构,凝灰结构,通用地质名词
凝灰质,凝灰质,通用地质名词
劈理,劈理,通用地质名词
半自形粒状结构,半自形粒状结构,通用地质名词
变余构造,变余构造,通用地质名词
变余结构,变余结构,通用地质名词
块状构造,构造,通用地质名词
基质,基质,通用地质名词
大孔隙,大孔隙,通用地质名词
孔隙封闭,孔隙封闭,通用地质名词
孔隙结构,孔隙结构,通用地质名词
孔隙连通,孔隙连通,通用地质名词
定向构造,定向构造,通用地质名词
层状构造,构造,通用地质名词
岩屑,岩屑,岩性
微孔隙,微孔隙,通用地质名词
微裂隙,微裂隙,构造与结构面
斑晶,斑晶,通用地质名词
斑状结构,结构,通用地质名词
显晶结构,显晶结构,通用地质名词
晶屑,晶屑,通用地质名词
杏仁体,杏仁体,通用地质名词
杏仁构造,杏仁构造,通用地质名词
条带构造,条带构造,通用地质名词
条带状构造,构造,通用地质名词
板状构造,板状构造,通用地质名词
枕状构造,枕状构造,通用地质名词
枕状熔岩,枕状熔岩,岩性
柱状节理,柱状节理,构造与结构面
气孔,气孔,通用地质名词
气孔构造,气孔构造,通用地质名词
沉积角砾构造,沉积角砾构造,通用地质名词
波痕构造,波痕构造,通用地质名词
泥晶,泥晶,通用地质名词
泥裂构造,泥裂构造,通用地质名词
流理,流理,通用地质名词
流纹,流纹,通用地质名词
流纹构造,流纹构造,通用地质名词
火山渣,火山渣,通用地质名词
火山灰,火山灰,通用地质名词
火山碎屑结构,火山碎屑结构,通用地质名词
片状构造,构造,通用地质名词
片理,片理,通用地质名词
片理构造,片理构造,通用地质名词
片麻状构造,构造,通用地质名词
片麻理,片麻理,通用地质名词
玻屑,玻屑,通用地质名词
玻璃质结构,玻璃质结构,通用地质名词
球粒结构,球粒结构,通用地质名词
生物扰动构造,生物扰动构造,通用地质名词
生物碎屑,生物碎屑,通用地质名词
眼球状结构,眼球状结构,通用地质名词
砾屑,砾屑,通用地质名词
碎屑,碎屑,通用地质名词
碎屑化构造,碎屑化构造,通用地质名词
碎屑结构,碎屑结构,通用地质名词
碎裂结构,碎裂结构,通用地质名词
等粒结构,结构,通用地质名词
粒状结构,粒状结构,通用地质名词
糜棱结构,糜棱结构,通用地质名词
线理,线理,通用地质名词
自形粒状结构,自形粒状结构,通用地质名词
角砾化构造,角砾化构造,通用地质名词
角砾结构,角砾结构,通用地质名词
透镜体,透镜体,通用地质名词
透镜状砂体,砂体,通用地质名词
重结晶结构,重结晶结构,通用地质名词
隐晶结构,隐晶结构,通用地质名词
鲕粒,鲕粒,通用地质名词
